anomaly_id,anomaly_type,injection_timestamp,route_id,trip_id,from_stop,to_stop,start_sequence,end_sequence,expected_passengers,reported_passengers,passenger_gap,expected_fare,reported_fare,fare_gap,expected_revenue,reported_revenue,revenue_gap,leakage_percentage,severity,synthetic_flag,ground_truth
ANOM_0001_TICK,TICKET_UNDERREPORTING,2026-08-29T04:33:41.773340+00:00,1324,10134,,,,,108,95,13,13.01,12.87,0.0,1405.0,1223.0,182.0,12.95,MEDIUM,True,True
ANOM_0002_REVE,REVENUE_UNDERREPORTING,2026-08-29T04:33:41.773340+00:00,1324,10020,,,,,55,55,0,12.38,9.0,3.39,681.0,494.8,186.2,27.34,HIGH,True,True
ANOM_0003_MISS,MISSING_TRIP,2026-08-29T04:33:41.773340+00:00,1324,10100,,,,,19,0,19,15.21,0.0,15.21,289.0,0.0,289.0,100.0,CRITICAL,True,True
ANOM_0004_FARE,FARE_MISMATCH,2026-08-29T04:33:41.773340+00:00,1324,10039,,,,,57,57,0,10.93,4.3,6.63,623.0,245.0,378.0,60.67,CRITICAL,True,True
ANOM_0005_SEGM,SEGMENT_SPECIFIC_LEAKAGE,2026-08-29T04:33:41.773340+00:00,1324,10031,22383,21667,20,23,60,56,4,10.58,10.36,0.0,635.0,580.0,55.0,8.66,LOW,True,True
ANOM_0006_REPE,REPEATED_ANOMALY,2026-08-29T04:33:41.773340+00:00,1324,10003,22383,21667,20,23,139,122,17,12.19,12.05,0.0,1695.0,1470.0,225.0,13.27,MEDIUM,True,True
ANOM_0007_TICK,TICKET_UNDERREPORTING,2026-08-29T04:33:41.773340+00:00,1324,10069,,,,,134,125,9,12.66,12.62,0.0,1697.0,1578.0,119.0,7.01,LOW,True,True
ANOM_0008_REVE,REVENUE_UNDERREPORTING,2026-08-29T04:33:41.773340+00:00,1324,10151,,,,,64,64,0,10.53,9.5,1.03,674.0,608.3,65.7,9.75,LOW,True,True
ANOM_0009_MISS,MISSING_TRIP,2026-08-29T04:33:41.773340+00:00,1324,10130,,,,,122,0,122,12.73,0.0,12.73,1553.0,0.0,1553.0,100.0,CRITICAL,True,True
ANOM_0010_FARE,FARE_MISMATCH,2026-08-29T04:33:41.773340+00:00,1324,10048,,,,,67,67,0,11.96,4.33,7.63,801.0,290.0,511.0,63.8,CRITICAL,True,True
ANOM_0011_SEGM,SEGMENT_SPECIFIC_LEAKAGE,2026-08-29T04:33:41.773340+00:00,1324,10015,22383,21667,20,23,123,111,12,12.63,12.22,0.0,1554.0,1356.0,198.0,12.74,MEDIUM,True,True
ANOM_0012_REPE,REPEATED_ANOMALY,2026-08-29T04:33:41.773340+00:00,1324,10158,21778,28167,18,21,50,43,7,13.26,12.4,0.0,663.0,533.0,130.0,19.61,MEDIUM,True,True
ANOM_0013_TICK,TICKET_UNDERREPORTING,2026-08-29T04:33:41.773340+00:00,1324,10093,,,,,30,24,6,11.17,10.38,0.0,335.0,249.0,86.0,25.67,HIGH,True,True
ANOM_0014_REVE,REVENUE_UNDERREPORTING,2026-08-29T04:33:41.773340+00:00,1324,10019,,,,,19,19,0,11.05,10.29,0.76,210.0,195.6,14.4,6.86,LOW,True,True
ANOM_0015_MISS,MISSING_TRIP,2026-08-29T04:33:41.773340+00:00,1324,10127,,,,,102,0,102,12.78,0.0,12.78,1304.0,0.0,1304.0,100.0,CRITICAL,True,True
ANOM_0016_FARE,FARE_MISMATCH,2026-08-29T04:33:41.773340+00:00,1324,10175,,,,,59,59,0,11.61,4.32,7.29,685.0,255.0,430.0,62.77,CRITICAL,True,True
ANOM_0017_SEGM,SEGMENT_SPECIFIC_LEAKAGE,2026-08-29T04:33:41.773340+00:00,1324,10169,21778,28167,18,21,50,45,5,11.72,11.04,0.0,586.0,497.0,89.0,15.19,MEDIUM,True,True
ANOM_0018_REPE,REPEATED_ANOMALY,2026-08-29T04:33:41.773340+00:00,1324,10030,22383,21667,20,23,58,51,7,10.34,9.57,0.0,600.0,488.0,112.0,18.67,MEDIUM,True,True
ANOM_0019_TICK,TICKET_UNDERREPORTING,2026-08-29T04:33:41.773340+00:00,1324,10121,,,,,39,31,8,12.33,11.55,0.0,481.0,358.0,123.0,25.57,HIGH,True,True
ANOM_0020_REVE,REVENUE_UNDERREPORTING,2026-08-29T04:33:41.773340+00:00,1324,10042,,,,,62,62,0,10.94,8.98,1.96,678.0,556.75,121.25,17.88,MEDIUM,True,True
ANOM_0021_MISS,MISSING_TRIP,2026-08-29T04:33:41.773340+00:00,1324,10106,,,,,19,0,19,13.42,0.0,13.42,255.0,0.0,255.0,100.0,CRITICAL,True,True
ANOM_0022_FARE,FARE_MISMATCH,2026-08-29T04:33:41.773340+00:00,1324,10168,,,,,60,60,0,12.57,4.33,8.23,754.0,260.0,494.0,65.52,CRITICAL,True,True
ANOM_0023_SEGM,SEGMENT_SPECIFIC_LEAKAGE,2026-08-29T04:33:41.773340+00:00,1324,10139,21778,28167,18,21,110,96,14,11.95,11.1,0.0,1314.0,1066.0,248.0,18.87,MEDIUM,True,True
ANOM_0024_REPE,REPEATED_ANOMALY,2026-08-29T04:33:41.773340+00:00,1324,10114,21778,28167,18,21,69,59,10,12.96,12.41,0.0,894.0,732.0,162.0,18.12,MEDIUM,True,True
ANOM_0025_TICK,TICKET_UNDERREPORTING,2026-08-29T04:33:41.773340+00:00,1324,10166,,,,,53,46,7,12.68,12.74,0.0,672.0,586.0,86.0,12.8,MEDIUM,True,True
ANOM_0026_REVE,REVENUE_UNDERREPORTING,2026-08-29T04:33:41.773340+00:00,1324,10135,,,,,116,116,0,11.76,8.69,3.07,1364.0,1008.05,355.95,26.1,HIGH,True,True
ANOM_0027_MISS,MISSING_TRIP,2026-08-29T04:33:41.773340+00:00,998,1002,,,,,16,0,16,6.56,0.0,6.56,105.0,0.0,105.0,100.0,CRITICAL,True,True
ANOM_0028_FARE,FARE_MISMATCH,2026-08-29T04:33:41.773340+00:00,1324,10174,,,,,62,62,0,11.79,4.19,7.6,731.0,260.0,471.0,64.43,CRITICAL,True,True
ANOM_0029_SEGM,SEGMENT_SPECIFIC_LEAKAGE,2026-08-29T04:33:41.773340+00:00,999,1013,21593,21543,13,16,46,38,8,11.83,11.61,0.0,544.0,441.0,103.0,18.93,MEDIUM,True,True
ANOM_0030_REPE,REPEATED_ANOMALY,2026-08-29T04:33:41.773340+00:00,1324,10145,21778,28167,18,21,14,13,1,13.36,12.46,0.0,187.0,162.0,25.0,13.37,MEDIUM,True,True
