trip_id,route_id,date,scheduled_start,total_passengers,total_revenue_inr,ticket_count,num_stops,cash_revenue_inr,upi_revenue_inr,pass_passenger_count,synthetic_flag
1,991,2026-08-29,05:20:00,13,120.0,13,13,90.0,30.0,2,True
10,991,2026-08-29,07:20:00,39,384.0,39,13,271.0,113.0,2,True
100,991,2026-08-29,05:25:00,7,35.0,7,12,35.0,0.0,2,True
1000,998,2026-08-29,20:25:00,52,365.0,42,7,260.0,105.0,4,True
10000,1324,2026-08-29,08:35:00,137,1624.0,132,42,1214.0,410.0,16,True
10001,1324,2026-08-29,08:40:00,129,1525.0,123,42,999.0,526.0,11,True
10002,1324,2026-08-29,08:45:00,131,1568.0,127,42,1103.0,465.0,16,True
10003,1324,2026-08-29,08:50:00,139,1695.0,134,42,1401.0,294.0,17,True
10004,1324,2026-08-29,08:55:00,138,1688.0,135,42,1205.0,483.0,16,True
10005,1324,2026-08-29,09:00:00,123,1494.0,119,42,1233.0,261.0,9,True
10006,1324,2026-08-29,09:05:00,138,1625.0,135,42,1088.0,537.0,16,True
10007,1324,2026-08-29,09:10:00,121,1497.0,118,42,1096.0,401.0,11,True
10008,1324,2026-08-29,09:15:00,122,1527.0,115,42,1127.0,400.0,16,True
10009,1324,2026-08-29,09:20:00,140,1703.0,139,42,1275.0,428.0,10,True
1001,998,2026-08-29,20:35:00,17,110.0,17,7,45.0,65.0,3,True
10010,1324,2026-08-29,09:30:00,136,1706.0,133,42,1261.0,445.0,13,True
10011,1324,2026-08-29,09:40:00,109,1254.0,107,42,987.0,267.0,12,True
10012,1324,2026-08-29,09:50:00,114,1372.0,114,42,863.0,509.0,11,True
10013,1324,2026-08-29,10:00:00,116,1376.0,114,42,985.0,391.0,10,True
10014,1324,2026-08-29,10:05:00,106,1289.0,104,42,988.0,301.0,10,True
10015,1324,2026-08-29,10:10:00,123,1554.0,122,42,1230.0,324.0,8,True
10016,1324,2026-08-29,10:15:00,103,1266.0,102,42,912.0,354.0,10,True
10017,1324,2026-08-29,10:20:00,104,1317.0,102,42,946.0,371.0,8,True
10018,1324,2026-08-29,10:40:00,13,164.0,13,42,149.0,15.0,2,True
10019,1324,2026-08-29,10:50:00,19,210.0,19,42,96.0,114.0,1,True
1002,998,2026-08-29,21:15:00,16,105.0,15,7,65.0,40.0,2,True
10020,1324,2026-08-29,11:05:00,55,681.0,55,42,532.0,149.0,1,True
10021,1324,2026-08-29,11:15:00,55,677.0,55,42,510.0,167.0,5,True
10022,1324,2026-08-29,11:25:00,61,745.0,61,42,594.0,151.0,5,True
10023,1324,2026-08-29,11:35:00,61,684.0,61,42,463.0,221.0,7,True
10024,1324,2026-08-29,11:40:00,61,779.0,60,42,586.0,193.0,7,True
10025,1324,2026-08-29,12:15:00,45,545.0,45,42,391.0,154.0,4,True
10026,1324,2026-08-29,12:25:00,67,809.0,64,42,605.0,204.0,4,True
10027,1324,2026-08-29,12:30:00,81,874.0,79,42,660.0,214.0,14,True
10028,1324,2026-08-29,12:40:00,55,712.0,55,42,476.0,236.0,2,True
10029,1324,2026-08-29,12:45:00,75,985.0,75,42,706.0,279.0,6,True
1003,998,2026-08-29,21:20:00,28,190.0,23,7,130.0,60.0,3,True
10030,1324,2026-08-29,12:55:00,58,600.0,56,42,443.0,157.0,10,True
10031,1324,2026-08-29,13:00:00,60,635.0,59,42,462.0,173.0,7,True
10032,1324,2026-08-29,13:05:00,61,800.0,58,42,556.0,244.0,2,True
10033,1324,2026-08-29,13:10:00,71,789.0,70,42,592.0,197.0,10,True
10034,1324,2026-08-29,13:15:00,66,660.0,66,42,502.0,158.0,12,True
10035,1324,2026-08-29,13:25:00,61,732.0,60,42,459.0,273.0,9,True
10036,1324,2026-08-29,13:30:00,52,584.0,52,42,425.0,159.0,5,True
10037,1324,2026-08-29,13:35:00,71,879.0,69,42,568.0,311.0,7,True
10038,1324,2026-08-29,13:40:00,62,825.0,62,42,573.0,252.0,3,True
10039,1324,2026-08-29,13:45:00,57,623.0,53,42,397.0,226.0,8,True
1004,998,2026-08-29,21:40:00,23,175.0,21,7,160.0,15.0,0,True
10040,1324,2026-08-29,13:55:00,71,855.0,69,42,652.0,203.0,8,True
10041,1324,2026-08-29,14:05:00,59,638.0,56,42,426.0,212.0,8,True
10042,1324,2026-08-29,14:10:00,62,678.0,60,42,485.0,193.0,5,True
10043,1324,2026-08-29,14:15:00,61,708.0,60,42,584.0,124.0,5,True
10044,1324,2026-08-29,14:25:00,62,800.0,61,42,567.0,233.0,5,True
10045,1324,2026-08-29,14:40:00,62,748.0,62,42,541.0,207.0,8,True
10046,1324,2026-08-29,14:50:00,62,799.0,62,42,538.0,261.0,6,True
10047,1324,2026-08-29,15:25:00,65,889.0,65,42,579.0,310.0,2,True
10048,1324,2026-08-29,15:35:00,67,801.0,67,42,520.0,281.0,9,True
10049,1324,2026-08-29,15:40:00,50,671.0,49,42,530.0,141.0,3,True
1005,998,2026-08-29,21:50:00,20,125.0,16,7,100.0,25.0,2,True
10050,1324,2026-08-29,15:45:00,53,645.0,52,42,459.0,186.0,4,True
10051,1324,2026-08-29,15:50:00,53,610.0,53,42,389.0,221.0,5,True
10052,1324,2026-08-29,15:55:00,73,781.0,71,42,572.0,209.0,14,True
10053,1324,2026-08-29,16:00:00,61,772.0,61,42,530.0,242.0,6,True
10054,1324,2026-08-29,16:05:00,60,771.0,57,42,573.0,198.0,3,True
10055,1324,2026-08-29,16:10:00,56,653.0,56,42,464.0,189.0,7,True
10056,1324,2026-08-29,16:15:00,53,665.0,53,42,457.0,208.0,5,True
10057,1324,2026-08-29,16:20:00,61,755.0,61,42,487.0,268.0,3,True
10058,1324,2026-08-29,16:25:00,57,685.0,56,42,551.0,134.0,4,True
10059,1324,2026-08-29,16:30:00,105,1310.0,104,42,1020.0,290.0,7,True
1006,999,2026-08-29,07:05:00,47,523.0,45,28,349.0,174.0,4,True
10060,1324,2026-08-29,16:35:00,119,1537.0,115,42,1160.0,377.0,10,True
10061,1324,2026-08-29,16:40:00,84,1041.0,84,42,847.0,194.0,7,True
10062,1324,2026-08-29,16:45:00,123,1389.0,119,42,1006.0,383.0,13,True
10063,1324,2026-08-29,16:50:00,118,1335.0,115,42,1085.0,250.0,18,True
10064,1324,2026-08-29,16:55:00,115,1353.0,110,42,987.0,366.0,13,True
10065,1324,2026-08-29,17:00:00,120,1485.0,117,42,1120.0,365.0,10,True
10066,1324,2026-08-29,17:10:00,125,1493.0,121,42,1052.0,441.0,11,True
10067,1324,2026-08-29,17:15:00,129,1525.0,127,42,1139.0,386.0,15,True
10068,1324,2026-08-29,17:20:00,126,1524.0,122,42,1098.0,426.0,15,True
10069,1324,2026-08-29,17:40:00,134,1697.0,131,42,1204.0,493.0,8,True
1007,999,2026-08-29,08:05:00,83,914.0,83,28,696.0,218.0,13,True
10070,1324,2026-08-29,17:50:00,132,1535.0,128,42,1109.0,426.0,12,True
10071,1324,2026-08-29,18:00:00,138,1559.0,136,42,1154.0,405.0,22,True
10072,1324,2026-08-29,18:10:00,136,1555.0,132,42,1031.0,524.0,20,True
10073,1324,2026-08-29,18:20:00,139,1756.0,134,42,1364.0,392.0,14,True
10074,1324,2026-08-29,18:30:00,132,1545.0,128,42,953.0,592.0,15,True
10075,1324,2026-08-29,18:55:00,137,1678.0,135,42,1161.0,517.0,12,True
10076,1324,2026-08-29,19:00:00,138,1579.0,132,42,1225.0,354.0,15,True
10077,1324,2026-08-29,19:10:00,128,1526.0,126,42,1104.0,422.0,16,True
10078,1324,2026-08-29,19:20:00,140,1724.0,136,42,1231.0,493.0,13,True
10079,1324,2026-08-29,19:25:00,136,1654.0,136,42,1186.0,468.0,11,True
1008,999,2026-08-29,08:55:00,103,1169.0,100,28,871.0,298.0,7,True
10080,1324,2026-08-29,19:30:00,134,1650.0,126,42,1138.0,512.0,15,True
10081,1324,2026-08-29,19:35:00,137,1519.0,131,42,1052.0,467.0,19,True
10082,1324,2026-08-29,19:40:00,106,1282.0,106,42,792.0,490.0,8,True
10083,1324,2026-08-29,19:45:00,136,1552.0,133,42,1051.0,501.0,16,True
10084,1324,2026-08-29,19:50:00,132,1592.0,126,42,1047.0,545.0,13,True
10085,1324,2026-08-29,19:55:00,115,1270.0,109,42,930.0,340.0,16,True
10086,1324,2026-08-29,20:00:00,102,1208.0,99,42,820.0,388.0,9,True
10087,1324,2026-08-29,20:10:00,107,1170.0,107,42,855.0,315.0,13,True
10088,1324,2026-08-29,20:15:00,128,1589.0,122,42,1152.0,437.0,10,True
10089,1324,2026-08-29,20:20:00,101,1326.0,99,42,921.0,405.0,5,True
1009,999,2026-08-29,09:40:00,98,1027.0,97,28,802.0,225.0,13,True
10090,1324,2026-08-29,20:25:00,95,1221.0,93,42,692.0,529.0,10,True
10091,1324,2026-08-29,20:30:00,124,1479.0,123,42,939.0,540.0,12,True
10092,1324,2026-08-29,20:45:00,46,630.0,45,42,522.0,108.0,0,True
10093,1324,2026-08-29,21:20:00,30,335.0,30,42,226.0,109.0,6,True
10094,1324,2026-08-29,21:30:00,48,525.0,47,42,353.0,172.0,7,True
10095,1324,2026-08-29,21:40:00,39,476.0,38,42,400.0,76.0,3,True
10096,1324,2026-08-29,21:45:00,43,530.0,42,42,424.0,106.0,6,True
10097,1324,2026-08-29,21:50:00,26,328.0,25,42,247.0,81.0,0,True
10098,1324,2026-08-29,22:00:00,50,586.0,50,42,409.0,177.0,5,True
10099,1324,2026-08-29,04:10:00,16,185.0,15,38,165.0,20.0,2,True
101,991,2026-08-29,05:45:00,11,93.0,11,12,58.0,35.0,2,True
1010,999,2026-08-29,10:20:00,71,788.0,68,28,591.0,197.0,9,True
10100,1324,2026-08-29,04:20:00,19,289.0,19,38,162.0,127.0,1,True
10101,1324,2026-08-29,04:30:00,18,250.0,18,38,159.0,91.0,0,True
10102,1324,2026-08-29,04:35:00,22,283.0,22,38,187.0,96.0,1,True
10103,1324,2026-08-29,04:40:00,16,206.0,16,38,121.0,85.0,1,True
10104,1324,2026-08-29,04:45:00,20,227.0,20,38,207.0,20.0,3,True
10105,1324,2026-08-29,04:50:00,9,127.0,9,38,81.0,46.0,1,True
10106,1324,2026-08-29,05:00:00,19,255.0,19,38,225.0,30.0,1,True
10107,1324,2026-08-29,05:05:00,17,202.0,17,38,192.0,10.0,2,True
10108,1324,2026-08-29,05:50:00,19,225.0,19,38,147.0,78.0,4,True
10109,1324,2026-08-29,05:55:00,14,159.0,14,38,96.0,63.0,1,True
1011,999,2026-08-29,11:05:00,57,611.0,57,28,472.0,139.0,7,True
10110,1324,2026-08-29,06:00:00,66,834.0,66,38,606.0,228.0,4,True
10111,1324,2026-08-29,06:05:00,68,869.0,67,38,720.0,149.0,7,True
10112,1324,2026-08-29,06:10:00,64,813.0,62,38,500.0,313.0,5,True
10113,1324,2026-08-29,06:15:00,60,712.0,60,38,431.0,281.0,5,True
10114,1324,2026-08-29,06:20:00,69,894.0,69,38,685.0,209.0,8,True
10115,1324,2026-08-29,06:25:00,61,809.0,60,38,649.0,160.0,3,True
10116,1324,2026-08-29,06:30:00,66,890.0,65,38,601.0,289.0,3,True
10117,1324,2026-08-29,06:35:00,67,720.0,66,38,532.0,188.0,10,True
10118,1324,2026-08-29,06:40:00,63,804.0,63,38,521.0,283.0,7,True
10119,1324,2026-08-29,06:45:00,59,800.0,55,38,541.0,259.0,3,True
1012,999,2026-08-29,11:55:00,53,467.0,50,28,298.0,169.0,9,True
10120,1324,2026-08-29,06:50:00,72,912.0,68,38,639.0,273.0,5,True
10121,1324,2026-08-29,07:00:00,39,481.0,39,38,405.0,76.0,6,True
10122,1324,2026-08-29,07:05:00,67,814.0,67,38,480.0,334.0,7,True
10123,1324,2026-08-29,07:10:00,61,795.0,58,38,557.0,238.0,4,True
10124,1324,2026-08-29,07:20:00,62,747.0,60,38,420.0,327.0,11,True
10125,1324,2026-08-29,07:30:00,111,1439.0,110,38,935.0,504.0,4,True
10126,1324,2026-08-29,07:35:00,91,1236.0,91,38,768.0,468.0,9,True
10127,1324,2026-08-29,07:40:00,102,1304.0,98,38,915.0,389.0,7,True
10128,1324,2026-08-29,09:05:00,140,1717.0,130,38,1301.0,416.0,20,True
10129,1324,2026-08-29,09:15:00,118,1538.0,117,38,1021.0,517.0,10,True
1013,999,2026-08-29,13:40:00,46,544.0,46,28,428.0,116.0,2,True
10130,1324,2026-08-29,09:25:00,122,1553.0,119,38,1123.0,430.0,15,True
10131,1324,2026-08-29,09:30:00,125,1654.0,121,38,1184.0,470.0,7,True
10132,1324,2026-08-29,09:35:00,136,1656.0,131,38,1223.0,433.0,11,True
10133,1324,2026-08-29,09:40:00,125,1643.0,123,38,1035.0,608.0,11,True
10134,1324,2026-08-29,09:45:00,108,1405.0,107,38,1006.0,399.0,13,True
10135,1324,2026-08-29,09:50:00,116,1364.0,113,38,1017.0,347.0,15,True
10136,1324,2026-08-29,09:55:00,116,1421.0,113,38,995.0,426.0,10,True
10137,1324,2026-08-29,10:00:00,124,1424.0,122,38,1054.0,370.0,14,True
10138,1324,2026-08-29,10:05:00,120,1433.0,114,38,1014.0,419.0,19,True
10139,1324,2026-08-29,10:10:00,110,1314.0,104,38,1011.0,303.0,12,True
1014,999,2026-08-29,14:30:00,46,518.0,46,28,304.0,214.0,1,True
10140,1324,2026-08-29,10:15:00,116,1442.0,112,38,1062.0,380.0,8,True
10141,1324,2026-08-29,10:20:00,111,1299.0,106,38,942.0,357.0,14,True
10142,1324,2026-08-29,10:25:00,84,1041.0,81,38,830.0,211.0,9,True
10143,1324,2026-08-29,10:30:00,98,1222.0,98,38,943.0,279.0,13,True
10144,1324,2026-08-29,10:35:00,22,286.0,22,38,200.0,86.0,0,True
10145,1324,2026-08-29,10:45:00,14,187.0,14,38,116.0,71.0,1,True
10146,1324,2026-08-29,10:50:00,11,168.0,11,38,122.0,46.0,0,True
10147,1324,2026-08-29,11:00:00,54,711.0,53,38,450.0,261.0,3,True
10148,1324,2026-08-29,11:15:00,66,929.0,64,38,737.0,192.0,5,True
10149,1324,2026-08-29,11:20:00,66,831.0,65,38,563.0,268.0,10,True
1015,999,2026-08-29,15:05:00,70,736.0,66,28,473.0,263.0,8,True
10150,1324,2026-08-29,11:25:00,56,725.0,54,38,498.0,227.0,7,True
10151,1324,2026-08-29,11:30:00,64,674.0,64,38,438.0,236.0,12,True
10152,1324,2026-08-29,11:35:00,52,644.0,51,38,462.0,182.0,3,True
10153,1324,2026-08-29,11:40:00,40,496.0,39,38,395.0,101.0,5,True
10154,1324,2026-08-29,11:45:00,71,757.0,71,38,576.0,181.0,12,True
10155,1324,2026-08-29,11:50:00,52,754.0,52,38,542.0,212.0,2,True
10156,1324,2026-08-29,11:55:00,49,611.0,49,38,433.0,178.0,5,True
10157,1324,2026-08-29,12:00:00,63,816.0,63,38,554.0,262.0,7,True
10158,1324,2026-08-29,12:05:00,50,663.0,49,38,481.0,182.0,3,True
10159,1324,2026-08-29,12:10:00,52,747.0,52,38,578.0,169.0,3,True
1016,999,2026-08-29,15:55:00,54,625.0,53,28,376.0,249.0,4,True
10160,1324,2026-08-29,12:15:00,60,667.0,57,38,467.0,200.0,8,True
10161,1324,2026-08-29,12:20:00,60,665.0,59,38,476.0,189.0,7,True
10162,1324,2026-08-29,12:35:00,71,895.0,66,38,709.0,186.0,9,True
10163,1324,2026-08-29,12:50:00,53,581.0,53,38,430.0,151.0,5,True
10164,1324,2026-08-29,13:00:00,53,668.0,53,38,437.0,231.0,6,True
10165,1324,2026-08-29,13:05:00,52,604.0,50,38,432.0,172.0,5,True
10166,1324,2026-08-29,13:10:00,53,672.0,52,38,514.0,158.0,6,True
10167,1324,2026-08-29,13:15:00,43,527.0,42,38,363.0,164.0,2,True
10168,1324,2026-08-29,13:40:00,60,754.0,60,38,633.0,121.0,8,True
10169,1324,2026-08-29,13:45:00,50,586.0,49,38,356.0,230.0,6,True
1017,999,2026-08-29,16:25:00,63,607.0,63,28,451.0,156.0,9,True
10170,1324,2026-08-29,13:50:00,52,691.0,49,38,450.0,241.0,5,True
10171,1324,2026-08-29,14:05:00,63,785.0,62,38,553.0,232.0,5,True
10172,1324,2026-08-29,14:20:00,74,885.0,72,38,650.0,235.0,9,True
10173,1324,2026-08-29,14:35:00,60,702.0,60,38,482.0,220.0,5,True
10174,1324,2026-08-29,14:55:00,62,731.0,62,38,552.0,179.0,10,True
10175,1324,2026-08-29,15:05:00,59,685.0,58,38,487.0,198.0,8,True
10176,1324,2026-08-29,15:15:00,51,672.0,49,38,515.0,157.0,6,True
10177,1324,2026-08-29,15:20:00,53,606.0,53,38,386.0,220.0,7,True
