trip_id,route_id,risk_score,risk_level,risk_reasons,risk_factors,estimated_revenue_impact_inr,localization_confidence,affected_subpath,risk_version,timestamp
1,991,0.7029,SUSPICIOUS,"['Revenue discrepancy of 72.8% below expected (reported ₹120.00 vs expected ₹441.55).', 'Passenger volume of 64.6% below expected (reported 13 vs expected 37).', 'Statistical anomaly detector flagged unusual revenue-to-passenger density profile (anomaly score: 0.99).', 'Graph localization identified consistent discrepancy along segment subpath 20921_PF5 -> 32209 (Seq 1-12) (confidence: 0.80).']","{'anomaly_score_factor': 0.9916, 'revenue_gap_factor': 0.7282, 'passenger_gap_factor': 0.6458, 'localization_factor': 0.7975, 'pattern_impact_factor': 0.1608}",321.55,0.7975,20921_PF5 -> 32209 (Seq 1-12),1.0.0,2026-08-31T04:19:02.781919+00:00
10,991,0.3705,MONITOR,"['Statistical anomaly detector flagged unusual revenue-to-passenger density profile (anomaly score: 0.99).', 'Graph localization identified consistent discrepancy along segment subpath 20921_PF5 -> 20702 (Seq 1-3) (confidence: 0.58).']","{'anomaly_score_factor': 0.9889, 'revenue_gap_factor': 0.1303, 'passenger_gap_factor': 0.0, 'localization_factor': 0.5756, 'pattern_impact_factor': 0.0288}",57.55,0.5756,20921_PF5 -> 20702 (Seq 1-3),1.0.0,2026-08-31T04:19:02.781963+00:00
100,991,0.8164,HIGH_RISK,"['Revenue discrepancy of 91.7% below expected (reported ₹35.00 vs expected ₹424.22).', 'Passenger volume of 80.1% below expected (reported 7 vs expected 35).', 'Statistical anomaly detector flagged unusual revenue-to-passenger density profile (anomaly score: 1.00).', 'Graph localization identified consistent discrepancy along segment subpath 24379 -> 20921_PF5 (Seq 1-11) (confidence: 0.99).']","{'anomaly_score_factor': 0.9961, 'revenue_gap_factor': 0.9175, 'passenger_gap_factor': 0.8015, 'localization_factor': 0.99, 'pattern_impact_factor': 0.1946}",389.22,0.99,24379 -> 20921_PF5 (Seq 1-11),1.0.0,2026-08-31T04:19:02.782000+00:00
1000,998,0.3598,MONITOR,"['Revenue discrepancy of 18.1% below expected (reported ₹365.00 vs expected ₹445.42).', 'Statistical anomaly detector flagged unusual revenue-to-passenger density profile (anomaly score: 0.99).']","{'anomaly_score_factor': 0.9944, 'revenue_gap_factor': 0.1805, 'passenger_gap_factor': 0.0, 'localization_factor': 0.4, 'pattern_impact_factor': 0.0402}",80.42,0.4,20940 -> 21231 (Seq 1-1),1.0.0,2026-08-31T04:19:02.782030+00:00
10000,1324,0.3027,MONITOR,['Statistical anomaly detector flagged unusual revenue-to-passenger density profile (anomaly score: 0.98).'],"{'anomaly_score_factor': 0.9818, 'revenue_gap_factor': 0.1023, 'passenger_gap_factor': 0.089, 'localization_factor': 0.0, 'pattern_impact_factor': 0.0926}",185.13,0.0,,1.0.0,2026-08-31T04:19:02.782057+00:00
10001,1324,0.3342,MONITOR,"['Revenue discrepancy of 15.7% below expected (reported ₹1525.00 vs expected ₹1809.13).', 'Statistical anomaly detector flagged unusual revenue-to-passenger density profile (anomaly score: 0.98).']","{'anomaly_score_factor': 0.9807, 'revenue_gap_factor': 0.1571, 'passenger_gap_factor': 0.1422, 'localization_factor': 0.0, 'pattern_impact_factor': 0.1421}",284.13,0.0,,1.0.0,2026-08-31T04:19:02.782083+00:00
10002,1324,0.3225,MONITOR,['Statistical anomaly detector flagged unusual revenue-to-passenger density profile (anomaly score: 0.98).'],"{'anomaly_score_factor': 0.9812, 'revenue_gap_factor': 0.1333, 'passenger_gap_factor': 0.1289, 'localization_factor': 0.0, 'pattern_impact_factor': 0.1206}",241.13,0.0,,1.0.0,2026-08-31T04:19:02.782109+00:00
10003,1324,0.458,MONITOR,"['Revenue discrepancy of 18.7% below expected (reported ₹1470.00 vs expected ₹1809.13).', 'Passenger volume of 18.9% below expected (reported 122 vs expected 150).', 'Statistical anomaly detector flagged unusual revenue-to-passenger density profile (anomaly score: 0.98).', 'Graph localization identified consistent discrepancy along segment subpath 21172 -> 22645_PF3 (Seq 1-41) (confidence: 0.69).']","{'anomaly_score_factor': 0.9786, 'revenue_gap_factor': 0.1875, 'passenger_gap_factor': 0.1887, 'localization_factor': 0.6884, 'pattern_impact_factor': 0.1696}",339.13,0.6884,21172 -> 22645_PF3 (Seq 1-41),1.0.0,2026-08-31T04:19:02.782135+00:00
10004,1324,0.2876,NORMAL,['Statistical anomaly detector flagged unusual revenue-to-passenger density profile (anomaly score: 0.98).'],"{'anomaly_score_factor': 0.9811, 'revenue_gap_factor': 0.067, 'passenger_gap_factor': 0.0824, 'localization_factor': 0.0, 'pattern_impact_factor': 0.0606}",121.13,0.0,,1.0.0,2026-08-31T04:19:02.782163+00:00
10005,1324,0.4598,MONITOR,"['Revenue discrepancy of 17.4% below expected (reported ₹1494.00 vs expected ₹1809.13).', 'Passenger volume of 18.2% below expected (reported 123 vs expected 150).', 'Statistical anomaly detector flagged unusual revenue-to-passenger density profile (anomaly score: 0.98).', 'Graph localization identified consistent discrepancy along segment subpath 21172 -> 22645_PF3 (Seq 1-41) (confidence: 0.74).']","{'anomaly_score_factor': 0.9781, 'revenue_gap_factor': 0.1742, 'passenger_gap_factor': 0.1821, 'localization_factor': 0.7443, 'pattern_impact_factor': 0.1576}",315.13,0.7443,21172 -> 22645_PF3 (Seq 1-41),1.0.0,2026-08-31T04:19:02.782190+00:00
10006,1324,0.3013,MONITOR,['Statistical anomaly detector flagged unusual revenue-to-passenger density profile (anomaly score: 0.98).'],"{'anomaly_score_factor': 0.9825, 'revenue_gap_factor': 0.1018, 'passenger_gap_factor': 0.0824, 'localization_factor': 0.0, 'pattern_impact_factor': 0.0921}",184.13,0.0,,1.0.0,2026-08-31T04:19:02.782213+00:00
10007,1324,0.4619,MONITOR,"['Revenue discrepancy of 17.3% below expected (reported ₹1497.00 vs expected ₹1809.13).', 'Passenger volume of 19.5% below expected (reported 121 vs expected 150).', 'Statistical anomaly detector flagged unusual revenue-to-passenger density profile (anomaly score: 0.98).', 'Graph localization identified consistent discrepancy along segment subpath 21172 -> 22645_PF3 (Seq 1-41) (confidence: 0.74).']","{'anomaly_score_factor': 0.9794, 'revenue_gap_factor': 0.1725, 'passenger_gap_factor': 0.1954, 'localization_factor': 0.7428, 'pattern_impact_factor': 0.1561}",312.13,0.7428,21172 -> 22645_PF3 (Seq 1-41),1.0.0,2026-08-31T04:19:02.782240+00:00
10008,1324,0.3424,MONITOR,"['Revenue discrepancy of 15.6% below expected (reported ₹1527.00 vs expected ₹1809.13).', 'Passenger volume of 18.9% below expected (reported 122 vs expected 150).', 'Statistical anomaly detector flagged unusual revenue-to-passenger density profile (anomaly score: 0.98).']","{'anomaly_score_factor': 0.9782, 'revenue_gap_factor': 0.1559, 'passenger_gap_factor': 0.1887, 'localization_factor': 0.0, 'pattern_impact_factor': 0.1411}",282.13,0.0,,1.0.0,2026-08-31T04:19:02.782265+00:00
10009,1324,0.2822,NORMAL,['Statistical anomaly detector flagged unusual revenue-to-passenger density profile (anomaly score: 0.98).'],"{'anomaly_score_factor': 0.983, 'revenue_gap_factor': 0.0587, 'passenger_gap_factor': 0.0691, 'localization_factor': 0.0, 'pattern_impact_factor': 0.0531}",106.13,0.0,,1.0.0,2026-08-31T04:19:02.782289+00:00
1001,998,0.651,SUSPICIOUS,"['Revenue discrepancy of 66.1% below expected (reported ₹110.00 vs expected ₹324.01).', 'Passenger volume of 36.9% below expected (reported 17 vs expected 27).', 'Statistical anomaly detector flagged unusual revenue-to-passenger density profile (anomaly score: 0.99).', 'Graph localization identified consistent discrepancy along segment subpath 20940 -> 21173 (Seq 1-6) (confidence: 0.99).']","{'anomaly_score_factor': 0.9903, 'revenue_gap_factor': 0.6605, 'passenger_gap_factor': 0.3688, 'localization_factor': 0.99, 'pattern_impact_factor': 0.107}",214.01,0.99,20940 -> 21173 (Seq 1-6),1.0.0,2026-08-31T04:19:02.782315+00:00
10010,1324,0.287,NORMAL,['Statistical anomaly detector flagged unusual revenue-to-passenger density profile (anomaly score: 0.98).'],"{'anomaly_score_factor': 0.9834, 'revenue_gap_factor': 0.057, 'passenger_gap_factor': 0.0957, 'localization_factor': 0.0, 'pattern_impact_factor': 0.0516}",103.13,0.0,,1.0.0,2026-08-31T04:19:02.782340+00:00
10011,1324,0.5389,MONITOR,"['Revenue discrepancy of 30.7% below expected (reported ₹1254.00 vs expected ₹1809.13).', 'Passenger volume of 27.5% below expected (reported 109 vs expected 150).', 'Statistical anomaly detector flagged unusual revenue-to-passenger density profile (anomaly score: 0.99).', 'Graph localization identified consistent discrepancy along segment subpath 21172 -> 22645_PF3 (Seq 1-41) (confidence: 0.79).']","{'anomaly_score_factor': 0.9863, 'revenue_gap_factor': 0.3068, 'passenger_gap_factor': 0.2752, 'localization_factor': 0.7928, 'pattern_impact_factor': 0.2776}",555.13,0.7928,21172 -> 22645_PF3 (Seq 1-41),1.0.0,2026-08-31T04:19:02.782365+00:00
10012,1324,0.5021,MONITOR,"['Revenue discrepancy of 24.2% below expected (reported ₹1372.00 vs expected ₹1809.13).', 'Passenger volume of 24.2% below expected (reported 114 vs expected 150).', 'Statistical anomaly detector flagged unusual revenue-to-passenger density profile (anomaly score: 0.98).', 'Graph localization identified consistent discrepancy along segment subpath 21172 -> 22645_PF3 (Seq 1-41) (confidence: 0.77).']","{'anomaly_score_factor': 0.9814, 'revenue_gap_factor': 0.2416, 'passenger_gap_factor': 0.2419, 'localization_factor': 0.768, 'pattern_impact_factor': 0.2186}",437.13,0.768,21172 -> 22645_PF3 (Seq 1-41),1.0.0,2026-08-31T04:19:02.782391+00:00
10013,1324,0.5012,MONITOR,"['Revenue discrepancy of 23.9% below expected (reported ₹1376.00 vs expected ₹1809.13).', 'Passenger volume of 22.9% below expected (reported 116 vs expected 150).', 'Statistical anomaly detector flagged unusual revenue-to-passenger density profile (anomaly score: 0.98).', 'Graph localization identified consistent discrepancy along segment subpath 21172 -> 22645_PF3 (Seq 1-41) (confidence: 0.79).']","{'anomaly_score_factor': 0.981, 'revenue_gap_factor': 0.2394, 'passenger_gap_factor': 0.2286, 'localization_factor': 0.786, 'pattern_impact_factor': 0.2166}",433.13,0.786,21172 -> 22645_PF3 (Seq 1-41),1.0.0,2026-08-31T04:19:02.782415+00:00
10014,1324,0.5349,MONITOR,"['Revenue discrepancy of 28.8% below expected (reported ₹1289.00 vs expected ₹1809.13).', 'Passenger volume of 29.5% below expected (reported 106 vs expected 150).', 'Statistical anomaly detector flagged unusual revenue-to-passenger density profile (anomaly score: 0.98).', 'Graph localization identified consistent discrepancy along segment subpath 21172 -> 22645_PF3 (Seq 1-41) (confidence: 0.80).']","{'anomaly_score_factor': 0.9825, 'revenue_gap_factor': 0.2875, 'passenger_gap_factor': 0.2951, 'localization_factor': 0.7956, 'pattern_impact_factor': 0.2601}",520.13,0.7956,21172 -> 22645_PF3 (Seq 1-41),1.0.0,2026-08-31T04:19:02.782441+00:00
10015,1324,0.5066,MONITOR,"['Revenue discrepancy of 25.0% below expected (reported ₹1356.00 vs expected ₹1809.13).', 'Passenger volume of 26.2% below expected (reported 111 vs expected 150).', 'Statistical anomaly detector flagged unusual revenue-to-passenger density profile (anomaly score: 0.98).', 'Graph localization identified consistent discrepancy along segment subpath 21172 -> 22645_PF3 (Seq 1-41) (confidence: 0.75).']","{'anomaly_score_factor': 0.9822, 'revenue_gap_factor': 0.2505, 'passenger_gap_factor': 0.2619, 'localization_factor': 0.7471, 'pattern_impact_factor': 0.2266}",453.13,0.7471,21172 -> 22645_PF3 (Seq 1-41),1.0.0,2026-08-31T04:19:02.782466+00:00
10016,1324,0.5426,MONITOR,"['Revenue discrepancy of 30.0% below expected (reported ₹1266.00 vs expected ₹1809.13).', 'Passenger volume of 31.5% below expected (reported 103 vs expected 150).', 'Statistical anomaly detector flagged unusual revenue-to-passenger density profile (anomaly score: 0.99).', 'Graph localization identified consistent discrepancy along segment subpath 21172 -> 22645_PF3 (Seq 1-41) (confidence: 0.78).']","{'anomaly_score_factor': 0.9854, 'revenue_gap_factor': 0.3002, 'passenger_gap_factor': 0.3151, 'localization_factor': 0.7832, 'pattern_impact_factor': 0.2716}",543.13,0.7832,21172 -> 22645_PF3 (Seq 1-41),1.0.0,2026-08-31T04:19:02.782491+00:00
10017,1324,0.4998,MONITOR,"['Revenue discrepancy of 27.2% below expected (reported ₹1317.00 vs expected ₹1809.13).', 'Passenger volume of 30.8% below expected (reported 104 vs expected 150).', 'Statistical anomaly detector flagged unusual revenue-to-passenger density profile (anomaly score: 0.98).', 'Graph localization identified consistent discrepancy along segment subpath 21172 -> 22585 (Seq 1-3) (confidence: 0.58).']","{'anomaly_score_factor': 0.9845, 'revenue_gap_factor': 0.272, 'passenger_gap_factor': 0.3084, 'localization_factor': 0.5807, 'pattern_impact_factor': 0.2461}",492.13,0.5807,21172 -> 22585 (Seq 1-3),1.0.0,2026-08-31T04:19:02.782515+00:00
10018,1324,0.8022,HIGH_RISK,"['Revenue discrepancy of 79.3% below expected (reported ₹164.00 vs expected ₹793.65).', 'Passenger volume of 80.3% below expected (reported 13 vs expected 66).', 'Statistical anomaly detector flagged unusual revenue-to-passenger density profile (anomaly score: 0.99).', 'Graph localization identified consistent discrepancy along segment subpath 21172 -> 22645_PF3 (Seq 1-41) (confidence: 0.99).']","{'anomaly_score_factor': 0.9901, 'revenue_gap_factor': 0.7934, 'passenger_gap_factor': 0.8029, 'localization_factor': 0.99, 'pattern_impact_factor': 0.3148}",629.65,0.99,21172 -> 22645_PF3 (Seq 1-41),1.0.0,2026-08-31T04:19:02.782542+00:00
10019,1324,0.7713,SUSPICIOUS,"['Revenue discrepancy of 75.4% below expected (reported ₹195.60 vs expected ₹793.65).', 'Passenger volume of 71.2% below expected (reported 19 vs expected 66).', 'Statistical anomaly detector flagged unusual revenue-to-passenger density profile (anomaly score: 0.99).', 'Graph localization identified consistent discrepancy along segment subpath 21172 -> 22645_PF3 (Seq 1-41) (confidence: 0.99).']","{'anomaly_score_factor': 0.9886, 'revenue_gap_factor': 0.7535, 'passenger_gap_factor': 0.712, 'localization_factor': 0.99, 'pattern_impact_factor': 0.299}",598.05,0.99,21172 -> 22645_PF3 (Seq 1-41),1.0.0,2026-08-31T04:19:02.782567+00:00
1002,998,0.8718,HIGH_RISK,"['Revenue discrepancy of 100.0% below expected (reported ₹0.00 vs expected ₹324.01).', 'Passenger volume of 100.0% below expected (reported 0 vs expected 27).', 'Statistical anomaly detector flagged unusual revenue-to-passenger density profile (anomaly score: 1.00).', 'Graph localization identified consistent discrepancy along segment subpath 20940 -> 21173 (Seq 1-6) (confidence: 0.99).', 'Zero revenue reported for scheduled active trip.']","{'anomaly_score_factor': 0.9959, 'revenue_gap_factor': 1.0, 'passenger_gap_factor': 1.0, 'localization_factor': 0.99, 'pattern_impact_factor': 0.162}",324.01,0.99,20940 -> 21173 (Seq 1-6),1.0.0,2026-08-31T04:19:02.782593+00:00
10020,1324,0.3945,MONITOR,"['Revenue discrepancy of 37.7% below expected (reported ₹494.80 vs expected ₹793.65).', 'Passenger volume of 16.6% below expected (reported 55 vs expected 66).', 'Statistical anomaly detector flagged unusual revenue-to-passenger density profile (anomaly score: 0.98).']","{'anomaly_score_factor': 0.9787, 'revenue_gap_factor': 0.3766, 'passenger_gap_factor': 0.1663, 'localization_factor': 0.0, 'pattern_impact_factor': 0.1494}",298.85,0.0,,1.0.0,2026-08-31T04:19:02.782619+00:00
10021,1324,0.3166,MONITOR,"['Passenger volume of 16.6% below expected (reported 55 vs expected 66).', 'Statistical anomaly detector flagged unusual revenue-to-passenger density profile (anomaly score: 0.95).']","{'anomaly_score_factor': 0.9514, 'revenue_gap_factor': 0.147, 'passenger_gap_factor': 0.1663, 'localization_factor': 0.0, 'pattern_impact_factor': 0.0583}",116.65,0.0,,1.0.0,2026-08-31T04:19:02.782644+00:00
10022,1324,0.2718,NORMAL,['Statistical anomaly detector flagged unusual revenue-to-passenger density profile (anomaly score: 0.95).'],"{'anomaly_score_factor': 0.9511, 'revenue_gap_factor': 0.0613, 'passenger_gap_factor': 0.0754, 'localization_factor': 0.0, 'pattern_impact_factor': 0.0243}",48.65,0.0,,1.0.0,2026-08-31T04:19:02.782668+00:00
10023,1324,0.2963,NORMAL,['Statistical anomaly detector flagged unusual revenue-to-passenger density profile (anomaly score: 0.95).'],"{'anomaly_score_factor': 0.9539, 'revenue_gap_factor': 0.1382, 'passenger_gap_factor': 0.0754, 'localization_factor': 0.0, 'pattern_impact_factor': 0.0548}",109.65,0.0,,1.0.0,2026-08-31T04:19:02.782691+00:00
10024,1324,0.2589,NORMAL,['Statistical anomaly detector flagged unusual revenue-to-passenger density profile (anomaly score: 0.95).'],"{'anomaly_score_factor': 0.9523, 'revenue_gap_factor': 0.0185, 'passenger_gap_factor': 0.0754, 'localization_factor': 0.0, 'pattern_impact_factor': 0.0073}",14.65,0.0,,1.0.0,2026-08-31T04:19:02.782715+00:00
10025,1324,0.4024,MONITOR,"['Revenue discrepancy of 31.3% below expected (reported ₹545.00 vs expected ₹793.65).', 'Passenger volume of 31.8% below expected (reported 45 vs expected 66).', 'Statistical anomaly detector flagged unusual revenue-to-passenger density profile (anomaly score: 0.97).']","{'anomaly_score_factor': 0.9675, 'revenue_gap_factor': 0.3133, 'passenger_gap_factor': 0.3179, 'localization_factor': 0.0, 'pattern_impact_factor': 0.1243}",248.65,0.0,,1.0.0,2026-08-31T04:19:02.782741+00:00
10026,1324,0.2402,NORMAL,['Statistical anomaly detector flagged unusual revenue-to-passenger density profile (anomaly score: 0.96).'],"{'anomaly_score_factor': 0.9606, 'revenue_gap_factor': 0.0, 'passenger_gap_factor': 0.0, 'localization_factor': 0.0, 'pattern_impact_factor': 0.0}",0.0,0.0,,1.0.0,2026-08-31T04:19:02.782765+00:00
10027,1324,0.2451,NORMAL,['Statistical anomaly detector flagged unusual revenue-to-passenger density profile (anomaly score: 0.98).'],"{'anomaly_score_factor': 0.9805, 'revenue_gap_factor': 0.0, 'passenger_gap_factor': 0.0, 'localization_factor': 0.0, 'pattern_impact_factor': 0.0}",0.0,0.0,,1.0.0,2026-08-31T04:19:02.782789+00:00
10028,1324,0.3038,MONITOR,"['Passenger volume of 16.6% below expected (reported 55 vs expected 66).', 'Statistical anomaly detector flagged unusual revenue-to-passenger density profile (anomaly score: 0.95).']","{'anomaly_score_factor': 0.9548, 'revenue_gap_factor': 0.1029, 'passenger_gap_factor': 0.1663, 'localization_factor': 0.0, 'pattern_impact_factor': 0.0408}",81.65,0.0,,1.0.0,2026-08-31T04:19:02.782825+00:00
10029,1324,0.2457,NORMAL,['Statistical anomaly detector flagged unusual revenue-to-passenger density profile (anomaly score: 0.98).'],"{'anomaly_score_factor': 0.9828, 'revenue_gap_factor': 0.0, 'passenger_gap_factor': 0.0, 'localization_factor': 0.0, 'pattern_impact_factor': 0.0}",0.0,0.0,,1.0.0,2026-08-31T04:19:02.782853+00:00
1003,998,0.5066,MONITOR,"['Revenue discrepancy of 41.4% below expected (reported ₹190.00 vs expected ₹324.01).', 'Statistical anomaly detector flagged unusual revenue-to-passenger density profile (anomaly score: 0.99).', 'Graph localization identified consistent discrepancy along segment subpath 20940 -> 21173 (Seq 1-6) (confidence: 0.97).']","{'anomaly_score_factor': 0.9924, 'revenue_gap_factor': 0.4136, 'passenger_gap_factor': 0.0, 'localization_factor': 0.9673, 'pattern_impact_factor': 0.067}",134.01,0.9673,20940 -> 21173 (Seq 1-6),1.0.0,2026-08-31T04:19:02.782879+00:00
10030,1324,0.5559,MONITOR,"['Revenue discrepancy of 38.5% below expected (reported ₹488.00 vs expected ₹793.65).', 'Passenger volume of 22.7% below expected (reported 51 vs expected 66).', 'Statistical anomaly detector flagged unusual revenue-to-passenger density profile (anomaly score: 0.98).', 'Graph localization identified consistent discrepancy along segment subpath 21172 -> 22645_PF3 (Seq 1-41) (confidence: 0.98).']","{'anomaly_score_factor': 0.9767, 'revenue_gap_factor': 0.3851, 'passenger_gap_factor': 0.227, 'localization_factor': 0.9809, 'pattern_impact_factor': 0.1528}",305.65,0.9809,21172 -> 22645_PF3 (Seq 1-41),1.0.0,2026-08-31T04:19:02.782905+00:00
10031,1324,0.3544,MONITOR,"['Revenue discrepancy of 26.9% below expected (reported ₹580.00 vs expected ₹793.65).', 'Passenger volume of 15.1% below expected (reported 56 vs expected 66).', 'Statistical anomaly detector flagged unusual revenue-to-passenger density profile (anomaly score: 0.96).']","{'anomaly_score_factor': 0.9632, 'revenue_gap_factor': 0.2692, 'passenger_gap_factor': 0.1512, 'localization_factor': 0.0, 'pattern_impact_factor': 0.1068}",213.65,0.0,,1.0.0,2026-08-31T04:19:02.782930+00:00
10032,1324,0.2542,NORMAL,['Statistical anomaly detector flagged unusual revenue-to-passenger density profile (anomaly score: 0.96).'],"{'anomaly_score_factor': 0.9566, 'revenue_gap_factor': 0.0, 'passenger_gap_factor': 0.0754, 'localization_factor': 0.0, 'pattern_impact_factor': 0.0}",0.0,0.0,,1.0.0,2026-08-31T04:19:02.782954+00:00
10033,1324,0.243,NORMAL,['Statistical anomaly detector flagged unusual revenue-to-passenger density profile (anomaly score: 0.96).'],"{'anomaly_score_factor': 0.9648, 'revenue_gap_factor': 0.0059, 'passenger_gap_factor': 0.0, 'localization_factor': 0.0, 'pattern_impact_factor': 0.0023}",4.65,0.0,,1.0.0,2026-08-31T04:19:02.782977+00:00
10034,1324,0.294,NORMAL,"['Revenue discrepancy of 16.8% below expected (reported ₹660.00 vs expected ₹793.65).', 'Statistical anomaly detector flagged unusual revenue-to-passenger density profile (anomaly score: 0.97).']","{'anomaly_score_factor': 0.9675, 'revenue_gap_factor': 0.1684, 'passenger_gap_factor': 0.0, 'localization_factor': 0.0, 'pattern_impact_factor': 0.0668}",133.65,0.0,,1.0.0,2026-08-31T04:19:02.783001+00:00
10035,1324,0.277,NORMAL,['Statistical anomaly detector flagged unusual revenue-to-passenger density profile (anomaly score: 0.95).'],"{'anomaly_score_factor': 0.9516, 'revenue_gap_factor': 0.0777, 'passenger_gap_factor': 0.0754, 'localization_factor': 0.0, 'pattern_impact_factor': 0.0308}",61.65,0.0,,1.0.0,2026-08-31T04:19:02.783026+00:00
10036,1324,0.3643,MONITOR,"['Revenue discrepancy of 26.4% below expected (reported ₹584.00 vs expected ₹793.65).', 'Passenger volume of 21.2% below expected (reported 52 vs expected 66).', 'Statistical anomaly detector flagged unusual revenue-to-passenger density profile (anomaly score: 0.96).']","{'anomaly_score_factor': 0.9609, 'revenue_gap_factor': 0.2642, 'passenger_gap_factor': 0.2118, 'localization_factor': 0.0, 'pattern_impact_factor': 0.1048}",209.65,0.0,,1.0.0,2026-08-31T04:19:02.783052+00:00
10037,1324,0.2419,NORMAL,['Statistical anomaly detector flagged unusual revenue-to-passenger density profile (anomaly score: 0.97).'],"{'anomaly_score_factor': 0.9674, 'revenue_gap_factor': 0.0, 'passenger_gap_factor': 0.0, 'localization_factor': 0.0, 'pattern_impact_factor': 0.0}",0.0,0.0,,1.0.0,2026-08-31T04:19:02.783075+00:00
10038,1324,0.2534,NORMAL,['Statistical anomaly detector flagged unusual revenue-to-passenger density profile (anomaly score: 0.97).'],"{'anomaly_score_factor': 0.9655, 'revenue_gap_factor': 0.0, 'passenger_gap_factor': 0.0602, 'localization_factor': 0.0, 'pattern_impact_factor': 0.0}",0.0,0.0,,1.0.0,2026-08-31T04:19:02.783099+00:00
10039,1324,0.6342,SUSPICIOUS,"['Revenue discrepancy of 69.1% below expected (reported ₹245.00 vs expected ₹793.65).', 'Statistical anomaly detector flagged unusual revenue-to-passenger density profile (anomaly score: 0.99).', 'Graph localization identified consistent discrepancy along segment subpath 21172 -> 22645_PF3 (Seq 1-41) (confidence: 0.97).']","{'anomaly_score_factor': 0.9908, 'revenue_gap_factor': 0.6913, 'passenger_gap_factor': 0.136, 'localization_factor': 0.9688, 'pattern_impact_factor': 0.2743}",548.65,0.9688,21172 -> 22645_PF3 (Seq 1-41),1.0.0,2026-08-31T04:19:02.783128+00:00
1004,998,0.5516,MONITOR,"['Revenue discrepancy of 46.0% below expected (reported ₹175.00 vs expected ₹324.01).', 'Statistical anomaly detector flagged unusual revenue-to-passenger density profile (anomaly score: 0.99).', 'Graph localization identified consistent discrepancy along segment subpath 20940 -> 21173 (Seq 1-6) (confidence: 0.99).']","{'anomaly_score_factor': 0.9911, 'revenue_gap_factor': 0.4599, 'passenger_gap_factor': 0.146, 'localization_factor': 0.99, 'pattern_impact_factor': 0.0745}",149.01,0.99,20940 -> 21173 (Seq 1-6),1.0.0,2026-08-31T04:19:02.783155+00:00
10040,1324,0.2418,NORMAL,['Statistical anomaly detector flagged unusual revenue-to-passenger density profile (anomaly score: 0.97).'],"{'anomaly_score_factor': 0.9671, 'revenue_gap_factor': 0.0, 'passenger_gap_factor': 0.0, 'localization_factor': 0.0, 'pattern_impact_factor': 0.0}",0.0,0.0,,1.0.0,2026-08-31T04:19:02.783280+00:00
10041,1324,0.3207,MONITOR,"['Revenue discrepancy of 19.6% below expected (reported ₹638.00 vs expected ₹793.65).', 'Statistical anomaly detector flagged unusual revenue-to-passenger density profile (anomaly score: 0.96).']","{'anomaly_score_factor': 0.9556, 'revenue_gap_factor': 0.1961, 'passenger_gap_factor': 0.1057, 'localization_factor': 0.0, 'pattern_impact_factor': 0.0778}",155.65,0.0,,1.0.0,2026-08-31T04:19:02.783332+00:00
10042,1324,0.3483,MONITOR,"['Revenue discrepancy of 29.8% below expected (reported ₹556.75 vs expected ₹793.65).', 'Statistical anomaly detector flagged unusual revenue-to-passenger density profile (anomaly score: 0.98).']","{'anomaly_score_factor': 0.9754, 'revenue_gap_factor': 0.2985, 'passenger_gap_factor': 0.0602, 'localization_factor': 0.0, 'pattern_impact_factor': 0.1185}",236.9,0.0,,1.0.0,2026-08-31T04:19:02.783365+00:00
10043,1324,0.2864,NORMAL,['Statistical anomaly detector flagged unusual revenue-to-passenger density profile (anomaly score: 0.95).'],"{'anomaly_score_factor': 0.9518, 'revenue_gap_factor': 0.1079, 'passenger_gap_factor': 0.0754, 'localization_factor': 0.0, 'pattern_impact_factor': 0.0428}",85.65,0.0,,1.0.0,2026-08-31T04:19:02.783393+00:00
10044,1324,0.2509,NORMAL,['Statistical anomaly detector flagged unusual revenue-to-passenger density profile (anomaly score: 0.96).'],"{'anomaly_score_factor': 0.9554, 'revenue_gap_factor': 0.0, 'passenger_gap_factor': 0.0602, 'localization_factor': 0.0, 'pattern_impact_factor': 0.0}",0.0,0.0,,1.0.0,2026-08-31T04:19:02.783420+00:00
10045,1324,0.2677,NORMAL,['Statistical anomaly detector flagged unusual revenue-to-passenger density profile (anomaly score: 0.95).'],"{'anomaly_score_factor': 0.9515, 'revenue_gap_factor': 0.0575, 'passenger_gap_factor': 0.0602, 'localization_factor': 0.0, 'pattern_impact_factor': 0.0228}",45.65,0.0,,1.0.0,2026-08-31T04:19:02.783446+00:00
10046,1324,0.2509,NORMAL,['Statistical anomaly detector flagged unusual revenue-to-passenger density profile (anomaly score: 0.96).'],"{'anomaly_score_factor': 0.9554, 'revenue_gap_factor': 0.0, 'passenger_gap_factor': 0.0602, 'localization_factor': 0.0, 'pattern_impact_factor': 0.0}",0.0,0.0,,1.0.0,2026-08-31T04:19:02.783472+00:00
10047,1324,0.2459,NORMAL,['Statistical anomaly detector flagged unusual revenue-to-passenger density profile (anomaly score: 0.97).'],"{'anomaly_score_factor': 0.9719, 'revenue_gap_factor': 0.0, 'passenger_gap_factor': 0.0147, 'localization_factor': 0.0, 'pattern_impact_factor': 0.0}",0.0,0.0,,1.0.0,2026-08-31T04:19:02.783498+00:00
10048,1324,0.5816,MONITOR,"['Revenue discrepancy of 63.5% below expected (reported ₹290.00 vs expected ₹793.65).', 'Statistical anomaly detector flagged unusual revenue-to-passenger density profile (anomaly score: 0.99).', 'Graph localization identified consistent discrepancy along segment subpath 21172 -> 22645_PF3 (Seq 1-41) (confidence: 0.92).']","{'anomaly_score_factor': 0.9917, 'revenue_gap_factor': 0.6346, 'passenger_gap_factor': 0.0, 'localization_factor': 0.915, 'pattern_impact_factor': 0.2518}",503.65,0.915,21172 -> 22645_PF3 (Seq 1-41),1.0.0,2026-08-31T04:19:02.783525+00:00
10049,1324,0.3375,MONITOR,"['Revenue discrepancy of 15.5% below expected (reported ₹671.00 vs expected ₹793.65).', 'Passenger volume of 24.2% below expected (reported 50 vs expected 66).', 'Statistical anomaly detector flagged unusual revenue-to-passenger density profile (anomaly score: 0.96).']","{'anomaly_score_factor': 0.9648, 'revenue_gap_factor': 0.1545, 'passenger_gap_factor': 0.2421, 'localization_factor': 0.0, 'pattern_impact_factor': 0.0613}",122.65,0.0,,1.0.0,2026-08-31T04:19:02.783554+00:00
1005,998,0.5981,MONITOR,"['Revenue discrepancy of 61.4% below expected (reported ₹125.00 vs expected ₹324.01).', 'Passenger volume of 25.7% below expected (reported 20 vs expected 27).', 'Statistical anomaly detector flagged unusual revenue-to-passenger density profile (anomaly score: 0.99).', 'Graph localization identified consistent discrepancy along segment subpath 20940 -> 21173 (Seq 1-6) (confidence: 0.87).']","{'anomaly_score_factor': 0.9911, 'revenue_gap_factor': 0.6142, 'passenger_gap_factor': 0.2574, 'localization_factor': 0.8692, 'pattern_impact_factor': 0.0995}",199.01,0.8692,20940 -> 21173 (Seq 1-6),1.0.0,2026-08-31T04:19:02.783582+00:00
10050,1324,0.3359,MONITOR,"['Revenue discrepancy of 18.7% below expected (reported ₹645.00 vs expected ₹793.65).', 'Passenger volume of 19.7% below expected (reported 53 vs expected 66).', 'Statistical anomaly detector flagged unusual revenue-to-passenger density profile (anomaly score: 0.95).']","{'anomaly_score_factor': 0.9544, 'revenue_gap_factor': 0.1873, 'passenger_gap_factor': 0.1966, 'localization_factor': 0.0, 'pattern_impact_factor': 0.0743}",148.65,0.0,,1.0.0,2026-08-31T04:19:02.783609+00:00
10051,1324,0.3501,MONITOR,"['Revenue discrepancy of 23.1% below expected (reported ₹610.00 vs expected ₹793.65).', 'Passenger volume of 19.7% below expected (reported 53 vs expected 66).', 'Statistical anomaly detector flagged unusual revenue-to-passenger density profile (anomaly score: 0.96).']","{'anomaly_score_factor': 0.9567, 'revenue_gap_factor': 0.2314, 'passenger_gap_factor': 0.1966, 'localization_factor': 0.0, 'pattern_impact_factor': 0.0918}",183.65,0.0,,1.0.0,2026-08-31T04:19:02.783735+00:00
10052,1324,0.2473,NORMAL,['Statistical anomaly detector flagged unusual revenue-to-passenger density profile (anomaly score: 0.97).'],"{'anomaly_score_factor': 0.9695, 'revenue_gap_factor': 0.0159, 'passenger_gap_factor': 0.0, 'localization_factor': 0.0, 'pattern_impact_factor': 0.0063}",12.65,0.0,,1.0.0,2026-08-31T04:19:02.783800+00:00
10053,1324,0.2614,NORMAL,['Statistical anomaly detector flagged unusual revenue-to-passenger density profile (anomaly score: 0.95).'],"{'anomaly_score_factor': 0.9514, 'revenue_gap_factor': 0.0273, 'passenger_gap_factor': 0.0754, 'localization_factor': 0.0, 'pattern_impact_factor': 0.0108}",21.65,0.0,,1.0.0,2026-08-31T04:19:02.783836+00:00
10054,1324,0.2656,NORMAL,['Statistical anomaly detector flagged unusual revenue-to-passenger density profile (anomaly score: 0.95).'],"{'anomaly_score_factor': 0.9547, 'revenue_gap_factor': 0.0285, 'passenger_gap_factor': 0.0905, 'localization_factor': 0.0, 'pattern_impact_factor': 0.0113}",22.65,0.0,,1.0.0,2026-08-31T04:19:02.783866+00:00
10055,1324,0.3231,MONITOR,"['Revenue discrepancy of 17.7% below expected (reported ₹653.00 vs expected ₹793.65).', 'Passenger volume of 15.1% below expected (reported 56 vs expected 66).', 'Statistical anomaly detector flagged unusual revenue-to-passenger density profile (anomaly score: 0.95).']","{'anomaly_score_factor': 0.9521, 'revenue_gap_factor': 0.1772, 'passenger_gap_factor': 0.1512, 'localization_factor': 0.0, 'pattern_impact_factor': 0.0703}",140.65,0.0,,1.0.0,2026-08-31T04:19:02.783896+00:00
10056,1324,0.328,MONITOR,"['Revenue discrepancy of 16.2% below expected (reported ₹665.00 vs expected ₹793.65).', 'Passenger volume of 19.7% below expected (reported 53 vs expected 66).', 'Statistical anomaly detector flagged unusual revenue-to-passenger density profile (anomaly score: 0.95).']","{'anomaly_score_factor': 0.9541, 'revenue_gap_factor': 0.1621, 'passenger_gap_factor': 0.1966, 'localization_factor': 0.0, 'pattern_impact_factor': 0.0643}",128.65,0.0,,1.0.0,2026-08-31T04:19:02.783925+00:00
10057,1324,0.2679,NORMAL,['Statistical anomaly detector flagged unusual revenue-to-passenger density profile (anomaly score: 0.95).'],"{'anomaly_score_factor': 0.9509, 'revenue_gap_factor': 0.0487, 'passenger_gap_factor': 0.0754, 'localization_factor': 0.0, 'pattern_impact_factor': 0.0193}",38.65,0.0,,1.0.0,2026-08-31T04:19:02.783951+00:00
10058,1324,0.3074,MONITOR,['Statistical anomaly detector flagged unusual revenue-to-passenger density profile (anomaly score: 0.95).'],"{'anomaly_score_factor': 0.9514, 'revenue_gap_factor': 0.1369, 'passenger_gap_factor': 0.136, 'localization_factor': 0.0, 'pattern_impact_factor': 0.0543}",108.65,0.0,,1.0.0,2026-08-31T04:19:02.783981+00:00
10059,1324,0.2452,NORMAL,['Statistical anomaly detector flagged unusual revenue-to-passenger density profile (anomaly score: 0.98).'],"{'anomaly_score_factor': 0.9808, 'revenue_gap_factor': 0.0, 'passenger_gap_factor': 0.0, 'localization_factor': 0.0, 'pattern_impact_factor': 0.0}",0.0,0.0,,1.0.0,2026-08-31T04:19:02.784012+00:00
1006,999,0.3256,MONITOR,"['Revenue discrepancy of 19.3% below expected (reported ₹523.00 vs expected ₹648.01).', 'Statistical anomaly detector flagged unusual revenue-to-passenger density profile (anomaly score: 0.97).']","{'anomaly_score_factor': 0.97, 'revenue_gap_factor': 0.1929, 'passenger_gap_factor': 0.1275, 'localization_factor': 0.0, 'pattern_impact_factor': 0.0625}",125.01,0.0,,1.0.0,2026-08-31T04:19:02.784039+00:00
10060,1324,0.3207,MONITOR,['Statistical anomaly detector flagged unusual revenue-to-passenger density profile (anomaly score: 0.99).'],"{'anomaly_score_factor': 0.9873, 'revenue_gap_factor': 0.0, 'passenger_gap_factor': 0.0, 'localization_factor': 0.4927, 'pattern_impact_factor': 0.0}",0.0,0.4927,21172 -> 22378 (Seq 1-8),1.0.0,2026-08-31T04:19:02.784064+00:00
10061,1324,0.276,NORMAL,['Statistical anomaly detector flagged unusual revenue-to-passenger density profile (anomaly score: 0.98).'],"{'anomaly_score_factor': 0.9841, 'revenue_gap_factor': 0.0459, 'passenger_gap_factor': 0.0738, 'localization_factor': 0.0, 'pattern_impact_factor': 0.025}",50.04,0.0,,1.0.0,2026-08-31T04:19:02.784089+00:00
10062,1324,0.2461,NORMAL,['Statistical anomaly detector flagged unusual revenue-to-passenger density profile (anomaly score: 0.98).'],"{'anomaly_score_factor': 0.9843, 'revenue_gap_factor': 0.0, 'passenger_gap_factor': 0.0, 'localization_factor': 0.0, 'pattern_impact_factor': 0.0}",0.0,0.0,,1.0.0,2026-08-31T04:19:02.784113+00:00
10063,1324,0.2456,NORMAL,['Statistical anomaly detector flagged unusual revenue-to-passenger density profile (anomaly score: 0.98).'],"{'anomaly_score_factor': 0.9824, 'revenue_gap_factor': 0.0, 'passenger_gap_factor': 0.0, 'localization_factor': 0.0, 'pattern_impact_factor': 0.0}",0.0,0.0,,1.0.0,2026-08-31T04:19:02.784137+00:00
10064,1324,0.2456,NORMAL,['Statistical anomaly detector flagged unusual revenue-to-passenger density profile (anomaly score: 0.98).'],"{'anomaly_score_factor': 0.9824, 'revenue_gap_factor': 0.0, 'passenger_gap_factor': 0.0, 'localization_factor': 0.0, 'pattern_impact_factor': 0.0}",0.0,0.0,,1.0.0,2026-08-31T04:19:02.784161+00:00
10065,1324,0.2458,NORMAL,['Statistical anomaly detector flagged unusual revenue-to-passenger density profile (anomaly score: 0.98).'],"{'anomaly_score_factor': 0.9832, 'revenue_gap_factor': 0.0, 'passenger_gap_factor': 0.0, 'localization_factor': 0.0, 'pattern_impact_factor': 0.0}",0.0,0.0,,1.0.0,2026-08-31T04:19:02.784186+00:00
10066,1324,0.2451,NORMAL,['Statistical anomaly detector flagged unusual revenue-to-passenger density profile (anomaly score: 0.98).'],"{'anomaly_score_factor': 0.9805, 'revenue_gap_factor': 0.0, 'passenger_gap_factor': 0.0, 'localization_factor': 0.0, 'pattern_impact_factor': 0.0}",0.0,0.0,,1.0.0,2026-08-31T04:19:02.784210+00:00
10067,1324,0.2448,NORMAL,['Statistical anomaly detector flagged unusual revenue-to-passenger density profile (anomaly score: 0.98).'],"{'anomaly_score_factor': 0.9793, 'revenue_gap_factor': 0.0, 'passenger_gap_factor': 0.0, 'localization_factor': 0.0, 'pattern_impact_factor': 0.0}",0.0,0.0,,1.0.0,2026-08-31T04:19:02.784234+00:00
10068,1324,0.2449,NORMAL,['Statistical anomaly detector flagged unusual revenue-to-passenger density profile (anomaly score: 0.98).'],"{'anomaly_score_factor': 0.9794, 'revenue_gap_factor': 0.0, 'passenger_gap_factor': 0.0, 'localization_factor': 0.0, 'pattern_impact_factor': 0.0}",0.0,0.0,,1.0.0,2026-08-31T04:19:02.784259+00:00
10069,1324,0.2464,NORMAL,['Statistical anomaly detector flagged unusual revenue-to-passenger density profile (anomaly score: 0.99).'],"{'anomaly_score_factor': 0.9856, 'revenue_gap_factor': 0.0, 'passenger_gap_factor': 0.0, 'localization_factor': 0.0, 'pattern_impact_factor': 0.0}",0.0,0.0,,1.0.0,2026-08-31T04:19:02.784282+00:00
1007,999,0.5368,MONITOR,"['Revenue discrepancy of 38.1% below expected (reported ₹914.00 vs expected ₹1477.15).', 'Passenger volume of 32.4% below expected (reported 83 vs expected 123).', 'Statistical anomaly detector flagged unusual revenue-to-passenger density profile (anomaly score: 0.99).', 'Graph localization identified consistent discrepancy along segment subpath 21172_PF10 -> 21520 (Seq 1-2) (confidence: 0.58).']","{'anomaly_score_factor': 0.9893, 'revenue_gap_factor': 0.3812, 'passenger_gap_factor': 0.324, 'localization_factor': 0.5807, 'pattern_impact_factor': 0.2816}",563.15,0.5807,21172_PF10 -> 21520 (Seq 1-2),1.0.0,2026-08-31T04:19:02.784308+00:00
10070,1324,0.2452,NORMAL,['Statistical anomaly detector flagged unusual revenue-to-passenger density profile (anomaly score: 0.98).'],"{'anomaly_score_factor': 0.9809, 'revenue_gap_factor': 0.0, 'passenger_gap_factor': 0.0, 'localization_factor': 0.0, 'pattern_impact_factor': 0.0}",0.0,0.0,,1.0.0,2026-08-31T04:19:02.784335+00:00
10071,1324,0.246,NORMAL,['Statistical anomaly detector flagged unusual revenue-to-passenger density profile (anomaly score: 0.98).'],"{'anomaly_score_factor': 0.984, 'revenue_gap_factor': 0.0, 'passenger_gap_factor': 0.0, 'localization_factor': 0.0, 'pattern_impact_factor': 0.0}",0.0,0.0,,1.0.0,2026-08-31T04:19:02.784359+00:00
10072,1324,0.2452,NORMAL,['Statistical anomaly detector flagged unusual revenue-to-passenger density profile (anomaly score: 0.98).'],"{'anomaly_score_factor': 0.9808, 'revenue_gap_factor': 0.0, 'passenger_gap_factor': 0.0, 'localization_factor': 0.0, 'pattern_impact_factor': 0.0}",0.0,0.0,,1.0.0,2026-08-31T04:19:02.784383+00:00
10073,1324,0.3384,MONITOR,"['Statistical anomaly detector flagged unusual revenue-to-passenger density profile (anomaly score: 0.99).', 'Graph localization identified consistent discrepancy along segment subpath 22088 -> 22645_PF3 (Seq 35-41) (confidence: 0.60).']","{'anomaly_score_factor': 0.9922, 'revenue_gap_factor': 0.0, 'passenger_gap_factor': 0.0, 'localization_factor': 0.6022, 'pattern_impact_factor': 0.0}",0.0,0.6022,22088 -> 22645_PF3 (Seq 35-41),1.0.0,2026-08-31T04:19:02.784407+00:00
10074,1324,0.2451,NORMAL,['Statistical anomaly detector flagged unusual revenue-to-passenger density profile (anomaly score: 0.98).'],"{'anomaly_score_factor': 0.9804, 'revenue_gap_factor': 0.0, 'passenger_gap_factor': 0.0, 'localization_factor': 0.0, 'pattern_impact_factor': 0.0}",0.0,0.0,,1.0.0,2026-08-31T04:19:02.784430+00:00
10075,1324,0.3315,MONITOR,"['Statistical anomaly detector flagged unusual revenue-to-passenger density profile (anomaly score: 0.99).', 'Graph localization identified consistent discrepancy along segment subpath 21172 -> 22378 (Seq 1-8) (confidence: 0.57).']","{'anomaly_score_factor': 0.9867, 'revenue_gap_factor': 0.0, 'passenger_gap_factor': 0.0, 'localization_factor': 0.5653, 'pattern_impact_factor': 0.0}",0.0,0.5653,21172 -> 22378 (Seq 1-8),1.0.0,2026-08-31T04:19:02.784455+00:00
10076,1324,0.2462,NORMAL,['Statistical anomaly detector flagged unusual revenue-to-passenger density profile (anomaly score: 0.98).'],"{'anomaly_score_factor': 0.9848, 'revenue_gap_factor': 0.0, 'passenger_gap_factor': 0.0, 'localization_factor': 0.0, 'pattern_impact_factor': 0.0}",0.0,0.0,,1.0.0,2026-08-31T04:19:02.784479+00:00
10077,1324,0.2445,NORMAL,['Statistical anomaly detector flagged unusual revenue-to-passenger density profile (anomaly score: 0.98).'],"{'anomaly_score_factor': 0.9782, 'revenue_gap_factor': 0.0, 'passenger_gap_factor': 0.0, 'localization_factor': 0.0, 'pattern_impact_factor': 0.0}",0.0,0.0,,1.0.0,2026-08-31T04:19:02.784503+00:00
10078,1324,0.3288,MONITOR,"['Statistical anomaly detector flagged unusual revenue-to-passenger density profile (anomaly score: 0.99).', 'Graph localization identified consistent discrepancy along segment subpath 21739 -> 22645_PF3 (Seq 34-41) (confidence: 0.54).']","{'anomaly_score_factor': 0.9913, 'revenue_gap_factor': 0.0, 'passenger_gap_factor': 0.0, 'localization_factor': 0.5399, 'pattern_impact_factor': 0.0}",0.0,0.5399,21739 -> 22645_PF3 (Seq 34-41),1.0.0,2026-08-31T04:19:02.784527+00:00
10079,1324,0.2462,NORMAL,['Statistical anomaly detector flagged unusual revenue-to-passenger density profile (anomaly score: 0.98).'],"{'anomaly_score_factor': 0.9849, 'revenue_gap_factor': 0.0, 'passenger_gap_factor': 0.0, 'localization_factor': 0.0, 'pattern_impact_factor': 0.0}",0.0,0.0,,1.0.0,2026-08-31T04:19:02.784551+00:00
1008,999,0.4449,MONITOR,"['Revenue discrepancy of 20.9% below expected (reported ₹1169.00 vs expected ₹1477.15).', 'Passenger volume of 16.1% below expected (reported 103 vs expected 123).', 'Statistical anomaly detector flagged unusual revenue-to-passenger density profile (anomaly score: 0.99).', 'Graph localization identified consistent discrepancy along segment subpath 21172_PF10 -> 21193 (Seq 1-4) (confidence: 0.61).']","{'anomaly_score_factor': 0.9864, 'revenue_gap_factor': 0.2086, 'passenger_gap_factor': 0.1612, 'localization_factor': 0.6053, 'pattern_impact_factor': 0.1541}",308.15,0.6053,21172_PF10 -> 21193 (Seq 1-4),1.0.0,2026-08-31T04:19:02.784580+00:00
10080,1324,0.2462,NORMAL,['Statistical anomaly detector flagged unusual revenue-to-passenger density profile (anomaly score: 0.98).'],"{'anomaly_score_factor': 0.9848, 'revenue_gap_factor': 0.0, 'passenger_gap_factor': 0.0, 'localization_factor': 0.0, 'pattern_impact_factor': 0.0}",0.0,0.0,,1.0.0,2026-08-31T04:19:02.784604+00:00
10081,1324,0.2465,NORMAL,['Statistical anomaly detector flagged unusual revenue-to-passenger density profile (anomaly score: 0.99).'],"{'anomaly_score_factor': 0.9859, 'revenue_gap_factor': 0.0, 'passenger_gap_factor': 0.0, 'localization_factor': 0.0, 'pattern_impact_factor': 0.0}",0.0,0.0,,1.0.0,2026-08-31T04:19:02.784629+00:00
10082,1324,0.245,NORMAL,['Statistical anomaly detector flagged unusual revenue-to-passenger density profile (anomaly score: 0.98).'],"{'anomaly_score_factor': 0.9799, 'revenue_gap_factor': 0.0, 'passenger_gap_factor': 0.0, 'localization_factor': 0.0, 'pattern_impact_factor': 0.0}",0.0,0.0,,1.0.0,2026-08-31T04:19:02.784653+00:00
10083,1324,0.2452,NORMAL,['Statistical anomaly detector flagged unusual revenue-to-passenger density profile (anomaly score: 0.98).'],"{'anomaly_score_factor': 0.9809, 'revenue_gap_factor': 0.0, 'passenger_gap_factor': 0.0, 'localization_factor': 0.0, 'pattern_impact_factor': 0.0}",0.0,0.0,,1.0.0,2026-08-31T04:19:02.784677+00:00
10084,1324,0.2458,NORMAL,['Statistical anomaly detector flagged unusual revenue-to-passenger density profile (anomaly score: 0.98).'],"{'anomaly_score_factor': 0.9832, 'revenue_gap_factor': 0.0, 'passenger_gap_factor': 0.0, 'localization_factor': 0.0, 'pattern_impact_factor': 0.0}",0.0,0.0,,1.0.0,2026-08-31T04:19:02.784700+00:00
10085,1324,0.2457,NORMAL,['Statistical anomaly detector flagged unusual revenue-to-passenger density profile (anomaly score: 0.98).'],"{'anomaly_score_factor': 0.983, 'revenue_gap_factor': 0.0, 'passenger_gap_factor': 0.0, 'localization_factor': 0.0, 'pattern_impact_factor': 0.0}",0.0,0.0,,1.0.0,2026-08-31T04:19:02.784724+00:00
10086,1324,0.2452,NORMAL,['Statistical anomaly detector flagged unusual revenue-to-passenger density profile (anomaly score: 0.98).'],"{'anomaly_score_factor': 0.9806, 'revenue_gap_factor': 0.0, 'passenger_gap_factor': 0.0, 'localization_factor': 0.0, 'pattern_impact_factor': 0.0}",0.0,0.0,,1.0.0,2026-08-31T04:19:02.784748+00:00
10087,1324,0.2461,NORMAL,['Statistical anomaly detector flagged unusual revenue-to-passenger density profile (anomaly score: 0.98).'],"{'anomaly_score_factor': 0.9844, 'revenue_gap_factor': 0.0, 'passenger_gap_factor': 0.0, 'localization_factor': 0.0, 'pattern_impact_factor': 0.0}",0.0,0.0,,1.0.0,2026-08-31T04:19:02.784771+00:00
10088,1324,0.2461,NORMAL,['Statistical anomaly detector flagged unusual revenue-to-passenger density profile (anomaly score: 0.98).'],"{'anomaly_score_factor': 0.9845, 'revenue_gap_factor': 0.0, 'passenger_gap_factor': 0.0, 'localization_factor': 0.0, 'pattern_impact_factor': 0.0}",0.0,0.0,,1.0.0,2026-08-31T04:19:02.784795+00:00
10089,1324,0.2461,NORMAL,['Statistical anomaly detector flagged unusual revenue-to-passenger density profile (anomaly score: 0.98).'],"{'anomaly_score_factor': 0.9844, 'revenue_gap_factor': 0.0, 'passenger_gap_factor': 0.0, 'localization_factor': 0.0, 'pattern_impact_factor': 0.0}",0.0,0.0,,1.0.0,2026-08-31T04:19:02.784819+00:00
1009,999,0.4758,MONITOR,"['Revenue discrepancy of 30.5% below expected (reported ₹1027.00 vs expected ₹1477.15).', 'Passenger volume of 20.2% below expected (reported 98 vs expected 123).', 'Statistical anomaly detector flagged unusual revenue-to-passenger density profile (anomaly score: 0.99).', 'Graph localization identified consistent discrepancy along segment subpath 20623_PF5 -> 22211 (Seq 20-27) (confidence: 0.52).']","{'anomaly_score_factor': 0.9887, 'revenue_gap_factor': 0.3047, 'passenger_gap_factor': 0.2019, 'localization_factor': 0.5217, 'pattern_impact_factor': 0.2251}",450.15,0.5217,20623_PF5 -> 22211 (Seq 20-27),1.0.0,2026-08-31T04:19:02.784844+00:00
10090,1324,0.2459,NORMAL,['Statistical anomaly detector flagged unusual revenue-to-passenger density profile (anomaly score: 0.98).'],"{'anomaly_score_factor': 0.9834, 'revenue_gap_factor': 0.0, 'passenger_gap_factor': 0.0, 'localization_factor': 0.0, 'pattern_impact_factor': 0.0}",0.0,0.0,,1.0.0,2026-08-31T04:19:02.784870+00:00
10091,1324,0.2454,NORMAL,['Statistical anomaly detector flagged unusual revenue-to-passenger density profile (anomaly score: 0.98).'],"{'anomaly_score_factor': 0.9814, 'revenue_gap_factor': 0.0, 'passenger_gap_factor': 0.0, 'localization_factor': 0.0, 'pattern_impact_factor': 0.0}",0.0,0.0,,1.0.0,2026-08-31T04:19:02.784894+00:00
10092,1324,0.3668,MONITOR,"['Revenue discrepancy of 20.6% below expected (reported ₹630.00 vs expected ₹793.65).', 'Passenger volume of 30.3% below expected (reported 46 vs expected 66).', 'Statistical anomaly detector flagged unusual revenue-to-passenger density profile (anomaly score: 0.97).']","{'anomaly_score_factor': 0.9697, 'revenue_gap_factor': 0.2062, 'passenger_gap_factor': 0.3027, 'localization_factor': 0.0, 'pattern_impact_factor': 0.0818}",163.65,0.0,,1.0.0,2026-08-31T04:19:02.784920+00:00
10093,1324,0.7164,SUSPICIOUS,"['Revenue discrepancy of 68.6% below expected (reported ₹249.00 vs expected ₹793.65).', 'Passenger volume of 63.6% below expected (reported 24 vs expected 66).', 'Statistical anomaly detector flagged unusual revenue-to-passenger density profile (anomaly score: 0.99).', 'Graph localization identified consistent discrepancy along segment subpath 21172 -> 22645_PF3 (Seq 1-41) (confidence: 0.87).']","{'anomaly_score_factor': 0.987, 'revenue_gap_factor': 0.6863, 'passenger_gap_factor': 0.6362, 'localization_factor': 0.8666, 'pattern_impact_factor': 0.2723}",544.65,0.8666,21172 -> 22645_PF3 (Seq 1-41),1.0.0,2026-08-31T04:19:02.784947+00:00
10094,1324,0.4019,MONITOR,"['Revenue discrepancy of 33.8% below expected (reported ₹525.00 vs expected ₹793.65).', 'Passenger volume of 27.2% below expected (reported 48 vs expected 66).', 'Statistical anomaly detector flagged unusual revenue-to-passenger density profile (anomaly score: 0.97).']","{'anomaly_score_factor': 0.9704, 'revenue_gap_factor': 0.3385, 'passenger_gap_factor': 0.2724, 'localization_factor': 0.0, 'pattern_impact_factor': 0.1343}",268.65,0.0,,1.0.0,2026-08-31T04:19:02.784973+00:00
10095,1324,0.5778,MONITOR,"['Revenue discrepancy of 40.0% below expected (reported ₹476.00 vs expected ₹793.65).', 'Passenger volume of 40.9% below expected (reported 39 vs expected 66).', 'Statistical anomaly detector flagged unusual revenue-to-passenger density profile (anomaly score: 0.98).', 'Graph localization identified consistent discrepancy along segment subpath 21172 -> 22645_PF3 (Seq 1-41) (confidence: 0.85).']","{'anomaly_score_factor': 0.9769, 'revenue_gap_factor': 0.4002, 'passenger_gap_factor': 0.4088, 'localization_factor': 0.8531, 'pattern_impact_factor': 0.1588}",317.65,0.8531,21172 -> 22645_PF3 (Seq 1-41),1.0.0,2026-08-31T04:19:02.784999+00:00
10096,1324,0.4152,MONITOR,"['Revenue discrepancy of 33.2% below expected (reported ₹530.00 vs expected ₹793.65).', 'Passenger volume of 34.8% below expected (reported 43 vs expected 66).', 'Statistical anomaly detector flagged unusual revenue-to-passenger density profile (anomaly score: 0.97).']","{'anomaly_score_factor': 0.9708, 'revenue_gap_factor': 0.3322, 'passenger_gap_factor': 0.3482, 'localization_factor': 0.0, 'pattern_impact_factor': 0.1318}",263.65,0.0,,1.0.0,2026-08-31T04:19:02.785025+00:00
10097,1324,0.6936,SUSPICIOUS,"['Revenue discrepancy of 58.7% below expected (reported ₹328.00 vs expected ₹793.65).', 'Passenger volume of 60.6% below expected (reported 26 vs expected 66).', 'Statistical anomaly detector flagged unusual revenue-to-passenger density profile (anomaly score: 0.98).', 'Graph localization identified consistent discrepancy along segment subpath 21172 -> 22645_PF3 (Seq 1-41) (confidence: 0.96).']","{'anomaly_score_factor': 0.9846, 'revenue_gap_factor': 0.5867, 'passenger_gap_factor': 0.6059, 'localization_factor': 0.9643, 'pattern_impact_factor': 0.2328}",465.65,0.9643,21172 -> 22645_PF3 (Seq 1-41),1.0.0,2026-08-31T04:19:02.785050+00:00
10098,1324,0.3697,MONITOR,"['Revenue discrepancy of 26.2% below expected (reported ₹586.00 vs expected ₹793.65).', 'Passenger volume of 24.2% below expected (reported 50 vs expected 66).', 'Statistical anomaly detector flagged unusual revenue-to-passenger density profile (anomaly score: 0.96).']","{'anomaly_score_factor': 0.9613, 'revenue_gap_factor': 0.2616, 'passenger_gap_factor': 0.2421, 'localization_factor': 0.0, 'pattern_impact_factor': 0.1038}",207.65,0.0,,1.0.0,2026-08-31T04:19:02.785076+00:00
10099,1324,0.7745,SUSPICIOUS,"['Revenue discrepancy of 75.5% below expected (reported ₹185.00 vs expected ₹754.91).', 'Passenger volume of 74.5% below expected (reported 16 vs expected 63).', 'Statistical anomaly detector flagged unusual revenue-to-passenger density profile (anomaly score: 0.98).', 'Graph localization identified consistent discrepancy along segment subpath 22645_PF3 -> 21173 (Seq 1-37) (confidence: 0.99).']","{'anomaly_score_factor': 0.9821, 'revenue_gap_factor': 0.7549, 'passenger_gap_factor': 0.745, 'localization_factor': 0.99, 'pattern_impact_factor': 0.285}",569.91,0.99,22645_PF3 -> 21173 (Seq 1-37),1.0.0,2026-08-31T04:19:02.785102+00:00
101,991,0.7542,SUSPICIOUS,"['Revenue discrepancy of 78.1% below expected (reported ₹93.00 vs expected ₹424.22).', 'Passenger volume of 68.8% below expected (reported 11 vs expected 35).', 'Statistical anomaly detector flagged unusual revenue-to-passenger density profile (anomaly score: 0.99).', 'Graph localization identified consistent discrepancy along segment subpath 24379 -> 20921_PF5 (Seq 1-11) (confidence: 0.99).']","{'anomaly_score_factor': 0.9921, 'revenue_gap_factor': 0.7808, 'passenger_gap_factor': 0.6881, 'localization_factor': 0.99, 'pattern_impact_factor': 0.1656}",331.22,0.99,24379 -> 20921_PF5 (Seq 1-11),1.0.0,2026-08-31T04:19:02.785129+00:00
1010,999,0.5827,MONITOR,"['Revenue discrepancy of 46.7% below expected (reported ₹788.00 vs expected ₹1477.15).', 'Passenger volume of 42.2% below expected (reported 71 vs expected 123).', 'Statistical anomaly detector flagged unusual revenue-to-passenger density profile (anomaly score: 0.99).', 'Graph localization identified consistent discrepancy along segment subpath 21172_PF10 -> 21520 (Seq 1-2) (confidence: 0.55).']","{'anomaly_score_factor': 0.993, 'revenue_gap_factor': 0.4665, 'passenger_gap_factor': 0.4218, 'localization_factor': 0.5451, 'pattern_impact_factor': 0.3446}",689.15,0.5451,21172_PF10 -> 21520 (Seq 1-2),1.0.0,2026-08-31T04:19:02.785157+00:00
10100,1324,0.904,HIGH_RISK,"['Revenue discrepancy of 100.0% below expected (reported ₹0.00 vs expected ₹754.91).', 'Passenger volume of 100.0% below expected (reported 0 vs expected 63).', 'Statistical anomaly detector flagged unusual revenue-to-passenger density profile (anomaly score: 1.00).', 'Graph localization identified consistent discrepancy along segment subpath 22645_PF3 -> 21173 (Seq 1-37) (confidence: 0.99).', 'Zero revenue reported for scheduled active trip.']","{'anomaly_score_factor': 0.9954, 'revenue_gap_factor': 1.0, 'passenger_gap_factor': 1.0, 'localization_factor': 0.99, 'pattern_impact_factor': 0.3775}",754.91,0.99,22645_PF3 -> 21173 (Seq 1-37),1.0.0,2026-08-31T04:19:02.785185+00:00
10101,1324,0.7417,SUSPICIOUS,"['Revenue discrepancy of 66.9% below expected (reported ₹250.00 vs expected ₹754.91).', 'Passenger volume of 71.3% below expected (reported 18 vs expected 63).', 'Statistical anomaly detector flagged unusual revenue-to-passenger density profile (anomaly score: 0.98).', 'Graph localization identified consistent discrepancy along segment subpath 22645_PF3 -> 21173 (Seq 1-37) (confidence: 0.99).']","{'anomaly_score_factor': 0.982, 'revenue_gap_factor': 0.6688, 'passenger_gap_factor': 0.7132, 'localization_factor': 0.99, 'pattern_impact_factor': 0.2525}",504.91,0.99,22645_PF3 -> 21173 (Seq 1-37),1.0.0,2026-08-31T04:19:02.785212+00:00
10102,1324,0.7144,SUSPICIOUS,"['Revenue discrepancy of 62.5% below expected (reported ₹283.00 vs expected ₹754.91).', 'Passenger volume of 64.9% below expected (reported 22 vs expected 63).', 'Statistical anomaly detector flagged unusual revenue-to-passenger density profile (anomaly score: 0.98).', 'Graph localization identified consistent discrepancy along segment subpath 22645_PF3 -> 21173 (Seq 1-37) (confidence: 0.99).']","{'anomaly_score_factor': 0.9805, 'revenue_gap_factor': 0.6251, 'passenger_gap_factor': 0.6494, 'localization_factor': 0.9851, 'pattern_impact_factor': 0.236}",471.91,0.9851,22645_PF3 -> 21173 (Seq 1-37),1.0.0,2026-08-31T04:19:02.785241+00:00
10103,1324,0.7657,SUSPICIOUS,"['Revenue discrepancy of 72.7% below expected (reported ₹206.00 vs expected ₹754.91).', 'Passenger volume of 74.5% below expected (reported 16 vs expected 63).', 'Statistical anomaly detector flagged unusual revenue-to-passenger density profile (anomaly score: 0.98).', 'Graph localization identified consistent discrepancy along segment subpath 22645_PF3 -> 21173 (Seq 1-37) (confidence: 0.99).']","{'anomaly_score_factor': 0.9811, 'revenue_gap_factor': 0.7271, 'passenger_gap_factor': 0.745, 'localization_factor': 0.99, 'pattern_impact_factor': 0.2745}",548.91,0.99,22645_PF3 -> 21173 (Seq 1-37),1.0.0,2026-08-31T04:19:02.785272+00:00
10104,1324,0.7446,SUSPICIOUS,"['Revenue discrepancy of 69.9% below expected (reported ₹227.00 vs expected ₹754.91).', 'Passenger volume of 68.1% below expected (reported 20 vs expected 63).', 'Statistical anomaly detector flagged unusual revenue-to-passenger density profile (anomaly score: 0.98).', 'Graph localization identified consistent discrepancy along segment subpath 22645_PF3 -> 21173 (Seq 1-37) (confidence: 0.99).']","{'anomaly_score_factor': 0.9816, 'revenue_gap_factor': 0.6993, 'passenger_gap_factor': 0.6813, 'localization_factor': 0.99, 'pattern_impact_factor': 0.264}",527.91,0.99,22645_PF3 -> 21173 (Seq 1-37),1.0.0,2026-08-31T04:19:02.785297+00:00
10105,1324,0.8228,HIGH_RISK,"['Revenue discrepancy of 83.2% below expected (reported ₹127.00 vs expected ₹754.91).', 'Passenger volume of 85.7% below expected (reported 9 vs expected 63).', 'Statistical anomaly detector flagged unusual revenue-to-passenger density profile (anomaly score: 0.99).', 'Graph localization identified consistent discrepancy along segment subpath 22645_PF3 -> 21173 (Seq 1-37) (confidence: 0.99).']","{'anomaly_score_factor': 0.9919, 'revenue_gap_factor': 0.8318, 'passenger_gap_factor': 0.8566, 'localization_factor': 0.99, 'pattern_impact_factor': 0.314}",627.91,0.99,22645_PF3 -> 21173 (Seq 1-37),1.0.0,2026-08-31T04:19:02.785323+00:00
10106,1324,0.904,HIGH_RISK,"['Revenue discrepancy of 100.0% below expected (reported ₹0.00 vs expected ₹754.91).', 'Passenger volume of 100.0% below expected (reported 0 vs expected 63).', 'Statistical anomaly detector flagged unusual revenue-to-passenger density profile (anomaly score: 1.00).', 'Graph localization identified consistent discrepancy along segment subpath 22645_PF3 -> 21173 (Seq 1-37) (confidence: 0.99).', 'Zero revenue reported for scheduled active trip.']","{'anomaly_score_factor': 0.9954, 'revenue_gap_factor': 1.0, 'passenger_gap_factor': 1.0, 'localization_factor': 0.99, 'pattern_impact_factor': 0.3775}",754.91,0.99,22645_PF3 -> 21173 (Seq 1-37),1.0.0,2026-08-31T04:19:02.785350+00:00
10107,1324,0.764,SUSPICIOUS,"['Revenue discrepancy of 73.2% below expected (reported ₹202.00 vs expected ₹754.91).', 'Passenger volume of 72.9% below expected (reported 17 vs expected 63).', 'Statistical anomaly detector flagged unusual revenue-to-passenger density profile (anomaly score: 0.98).', 'Graph localization identified consistent discrepancy along segment subpath 22645_PF3 -> 21173 (Seq 1-37) (confidence: 0.99).']","{'anomaly_score_factor': 0.9804, 'revenue_gap_factor': 0.7324, 'passenger_gap_factor': 0.7291, 'localization_factor': 0.99, 'pattern_impact_factor': 0.2765}",552.91,0.99,22645_PF3 -> 21173 (Seq 1-37),1.0.0,2026-08-31T04:19:02.785376+00:00
10108,1324,0.7481,SUSPICIOUS,"['Revenue discrepancy of 70.2% below expected (reported ₹225.00 vs expected ₹754.91).', 'Passenger volume of 69.7% below expected (reported 19 vs expected 63).', 'Statistical anomaly detector flagged unusual revenue-to-passenger density profile (anomaly score: 0.98).', 'Graph localization identified consistent discrepancy along segment subpath 22645_PF3 -> 21173 (Seq 1-37) (confidence: 0.99).']","{'anomaly_score_factor': 0.9795, 'revenue_gap_factor': 0.702, 'passenger_gap_factor': 0.6972, 'localization_factor': 0.99, 'pattern_impact_factor': 0.265}",529.91,0.99,22645_PF3 -> 21173 (Seq 1-37),1.0.0,2026-08-31T04:19:02.785402+00:00
10109,1324,0.7923,SUSPICIOUS,"['Revenue discrepancy of 78.9% below expected (reported ₹159.00 vs expected ₹754.91).', 'Passenger volume of 77.7% below expected (reported 14 vs expected 63).', 'Statistical anomaly detector flagged unusual revenue-to-passenger density profile (anomaly score: 0.99).', 'Graph localization identified consistent discrepancy along segment subpath 22645_PF3 -> 21173 (Seq 1-37) (confidence: 0.99).']","{'anomaly_score_factor': 0.9856, 'revenue_gap_factor': 0.7894, 'passenger_gap_factor': 0.7769, 'localization_factor': 0.99, 'pattern_impact_factor': 0.298}",595.91,0.99,22645_PF3 -> 21173 (Seq 1-37),1.0.0,2026-08-31T04:19:02.785475+00:00
1011,999,0.2605,NORMAL,['Statistical anomaly detector flagged unusual revenue-to-passenger density profile (anomaly score: 0.97).'],"{'anomaly_score_factor': 0.9739, 'revenue_gap_factor': 0.0571, 'passenger_gap_factor': 0.0, 'localization_factor': 0.0, 'pattern_impact_factor': 0.0185}",37.01,0.0,,1.0.0,2026-08-31T04:19:02.785519+00:00
10110,1324,0.2407,NORMAL,['Statistical anomaly detector flagged unusual revenue-to-passenger density profile (anomaly score: 0.96).'],"{'anomaly_score_factor': 0.9626, 'revenue_gap_factor': 0.0, 'passenger_gap_factor': 0.0, 'localization_factor': 0.0, 'pattern_impact_factor': 0.0}",0.0,0.0,,1.0.0,2026-08-31T04:19:02.785549+00:00
10111,1324,0.2418,NORMAL,['Statistical anomaly detector flagged unusual revenue-to-passenger density profile (anomaly score: 0.97).'],"{'anomaly_score_factor': 0.9672, 'revenue_gap_factor': 0.0, 'passenger_gap_factor': 0.0, 'localization_factor': 0.0, 'pattern_impact_factor': 0.0}",0.0,0.0,,1.0.0,2026-08-31T04:19:02.785576+00:00
10112,1324,0.2397,NORMAL,['Statistical anomaly detector flagged unusual revenue-to-passenger density profile (anomaly score: 0.96).'],"{'anomaly_score_factor': 0.9586, 'revenue_gap_factor': 0.0, 'passenger_gap_factor': 0.0, 'localization_factor': 0.0, 'pattern_impact_factor': 0.0}",0.0,0.0,,1.0.0,2026-08-31T04:19:02.785604+00:00
10113,1324,0.2642,NORMAL,['Statistical anomaly detector flagged unusual revenue-to-passenger density profile (anomaly score: 0.95).'],"{'anomaly_score_factor': 0.952, 'revenue_gap_factor': 0.0568, 'passenger_gap_factor': 0.0439, 'localization_factor': 0.0, 'pattern_impact_factor': 0.0215}",42.91,0.0,,1.0.0,2026-08-31T04:19:02.785631+00:00
10114,1324,0.2595,NORMAL,['Statistical anomaly detector flagged unusual revenue-to-passenger density profile (anomaly score: 0.95).'],"{'anomaly_score_factor': 0.9529, 'revenue_gap_factor': 0.0304, 'passenger_gap_factor': 0.0598, 'localization_factor': 0.0, 'pattern_impact_factor': 0.0115}",22.91,0.0,,1.0.0,2026-08-31T04:19:02.785656+00:00
10115,1324,0.246,NORMAL,['Statistical anomaly detector flagged unusual revenue-to-passenger density profile (anomaly score: 0.96).'],"{'anomaly_score_factor': 0.9615, 'revenue_gap_factor': 0.0, 'passenger_gap_factor': 0.0279, 'localization_factor': 0.0, 'pattern_impact_factor': 0.0}",0.0,0.0,,1.0.0,2026-08-31T04:19:02.785682+00:00
10116,1324,0.2427,NORMAL,['Statistical anomaly detector flagged unusual revenue-to-passenger density profile (anomaly score: 0.97).'],"{'anomaly_score_factor': 0.9708, 'revenue_gap_factor': 0.0, 'passenger_gap_factor': 0.0, 'localization_factor': 0.0, 'pattern_impact_factor': 0.0}",0.0,0.0,,1.0.0,2026-08-31T04:19:02.785708+00:00
10117,1324,0.2553,NORMAL,['Statistical anomaly detector flagged unusual revenue-to-passenger density profile (anomaly score: 0.96).'],"{'anomaly_score_factor': 0.9645, 'revenue_gap_factor': 0.0462, 'passenger_gap_factor': 0.0, 'localization_factor': 0.0, 'pattern_impact_factor': 0.0175}",34.91,0.0,,1.0.0,2026-08-31T04:19:02.785736+00:00
10118,1324,0.2395,NORMAL,['Statistical anomaly detector flagged unusual revenue-to-passenger density profile (anomaly score: 0.96).'],"{'anomaly_score_factor': 0.9581, 'revenue_gap_factor': 0.0, 'passenger_gap_factor': 0.0, 'localization_factor': 0.0, 'pattern_impact_factor': 0.0}",0.0,0.0,,1.0.0,2026-08-31T04:19:02.785760+00:00
10119,1324,0.2535,NORMAL,['Statistical anomaly detector flagged unusual revenue-to-passenger density profile (anomaly score: 0.97).'],"{'anomaly_score_factor': 0.966, 'revenue_gap_factor': 0.0, 'passenger_gap_factor': 0.0598, 'localization_factor': 0.0, 'pattern_impact_factor': 0.0}",0.0,0.0,,1.0.0,2026-08-31T04:19:02.785784+00:00
1012,999,0.3325,MONITOR,"['Revenue discrepancy of 27.9% below expected (reported ₹467.00 vs expected ₹648.01).', 'Statistical anomaly detector flagged unusual revenue-to-passenger density profile (anomaly score: 0.98).']","{'anomaly_score_factor': 0.9835, 'revenue_gap_factor': 0.2793, 'passenger_gap_factor': 0.0161, 'localization_factor': 0.0, 'pattern_impact_factor': 0.0905}",181.01,0.0,,1.0.0,2026-08-31T04:19:02.785809+00:00
10120,1324,0.2439,NORMAL,['Statistical anomaly detector flagged unusual revenue-to-passenger density profile (anomaly score: 0.98).'],"{'anomaly_score_factor': 0.9755, 'revenue_gap_factor': 0.0, 'passenger_gap_factor': 0.0, 'localization_factor': 0.0, 'pattern_impact_factor': 0.0}",0.0,0.0,,1.0.0,2026-08-31T04:19:02.785832+00:00
10121,1324,0.6242,SUSPICIOUS,"['Revenue discrepancy of 52.6% below expected (reported ₹358.00 vs expected ₹754.91).', 'Passenger volume of 50.6% below expected (reported 31 vs expected 63).', 'Statistical anomaly detector flagged unusual revenue-to-passenger density profile (anomaly score: 0.98).', 'Graph localization identified consistent discrepancy along segment subpath 22645_PF3 -> 22555 (Seq 1-11) (confidence: 0.77).']","{'anomaly_score_factor': 0.9822, 'revenue_gap_factor': 0.5258, 'passenger_gap_factor': 0.506, 'localization_factor': 0.7748, 'pattern_impact_factor': 0.1985}",396.91,0.7748,22645_PF3 -> 22555 (Seq 1-11),1.0.0,2026-08-31T04:19:02.785858+00:00
10122,1324,0.2406,NORMAL,['Statistical anomaly detector flagged unusual revenue-to-passenger density profile (anomaly score: 0.96).'],"{'anomaly_score_factor': 0.9625, 'revenue_gap_factor': 0.0, 'passenger_gap_factor': 0.0, 'localization_factor': 0.0, 'pattern_impact_factor': 0.0}",0.0,0.0,,1.0.0,2026-08-31T04:19:02.785883+00:00
10123,1324,0.2451,NORMAL,['Statistical anomaly detector flagged unusual revenue-to-passenger density profile (anomaly score: 0.96).'],"{'anomaly_score_factor': 0.958, 'revenue_gap_factor': 0.0, 'passenger_gap_factor': 0.0279, 'localization_factor': 0.0, 'pattern_impact_factor': 0.0}",0.0,0.0,,1.0.0,2026-08-31T04:19:02.785907+00:00
10124,1324,0.2438,NORMAL,['Statistical anomaly detector flagged unusual revenue-to-passenger density profile (anomaly score: 0.95).'],"{'anomaly_score_factor': 0.9528, 'revenue_gap_factor': 0.0105, 'passenger_gap_factor': 0.012, 'localization_factor': 0.0, 'pattern_impact_factor': 0.004}",7.91,0.0,,1.0.0,2026-08-31T04:19:02.785932+00:00
10125,1324,0.3518,MONITOR,"['Revenue discrepancy of 16.4% below expected (reported ₹1439.00 vs expected ₹1720.83).', 'Passenger volume of 22.4% below expected (reported 111 vs expected 143).', 'Statistical anomaly detector flagged unusual revenue-to-passenger density profile (anomaly score: 0.98).']","{'anomaly_score_factor': 0.9795, 'revenue_gap_factor': 0.1638, 'passenger_gap_factor': 0.224, 'localization_factor': 0.0, 'pattern_impact_factor': 0.1409}",281.83,0.0,,1.0.0,2026-08-31T04:19:02.785980+00:00
10126,1324,0.5149,MONITOR,"['Revenue discrepancy of 28.2% below expected (reported ₹1236.00 vs expected ₹1720.83).', 'Passenger volume of 36.4% below expected (reported 91 vs expected 143).', 'Statistical anomaly detector flagged unusual revenue-to-passenger density profile (anomaly score: 0.99).', 'Graph localization identified consistent discrepancy along segment subpath 22382 -> 21173 (Seq 23-37) (confidence: 0.59).']","{'anomaly_score_factor': 0.9894, 'revenue_gap_factor': 0.2817, 'passenger_gap_factor': 0.3638, 'localization_factor': 0.5864, 'pattern_impact_factor': 0.2424}",484.83,0.5864,22382 -> 21173 (Seq 23-37),1.0.0,2026-08-31T04:19:02.786028+00:00
10127,1324,0.9767,HIGH_RISK,"['Revenue discrepancy of 100.0% below expected (reported ₹0.00 vs expected ₹1720.83).', 'Passenger volume of 100.0% below expected (reported 0 vs expected 143).', 'Statistical anomaly detector flagged unusual revenue-to-passenger density profile (anomaly score: 1.00).', 'Graph localization identified consistent discrepancy along segment subpath 22645_PF3 -> 21173 (Seq 1-37) (confidence: 0.99).', 'Zero revenue reported for scheduled active trip.']","{'anomaly_score_factor': 0.9966, 'revenue_gap_factor': 1.0, 'passenger_gap_factor': 1.0, 'localization_factor': 0.99, 'pattern_impact_factor': 0.8604}",1720.83,0.99,22645_PF3 -> 21173 (Seq 1-37),1.0.0,2026-08-31T04:19:02.786059+00:00
10128,1324,0.3544,MONITOR,"['Statistical anomaly detector flagged unusual revenue-to-passenger density profile (anomaly score: 0.99).', 'Graph localization identified consistent discrepancy along segment subpath 22645_PF3 -> 22181 (Seq 1-5) (confidence: 0.68).']","{'anomaly_score_factor': 0.9896, 'revenue_gap_factor': 0.0022, 'passenger_gap_factor': 0.0213, 'localization_factor': 0.6794, 'pattern_impact_factor': 0.0019}",3.83,0.6794,22645_PF3 -> 22181 (Seq 1-5),1.0.0,2026-08-31T04:19:02.786087+00:00
10129,1324,0.3206,MONITOR,"['Passenger volume of 17.5% below expected (reported 118 vs expected 143).', 'Statistical anomaly detector flagged unusual revenue-to-passenger density profile (anomaly score: 0.98).']","{'anomaly_score_factor': 0.9814, 'revenue_gap_factor': 0.1062, 'passenger_gap_factor': 0.1751, 'localization_factor': 0.0, 'pattern_impact_factor': 0.0914}",182.83,0.0,,1.0.0,2026-08-31T04:19:02.786113+00:00
1013,999,0.3989,MONITOR,"['Revenue discrepancy of 31.9% below expected (reported ₹441.00 vs expected ₹648.01).', 'Passenger volume of 29.5% below expected (reported 38 vs expected 54).', 'Statistical anomaly detector flagged unusual revenue-to-passenger density profile (anomaly score: 0.98).']","{'anomaly_score_factor': 0.9785, 'revenue_gap_factor': 0.3195, 'passenger_gap_factor': 0.2946, 'localization_factor': 0.0, 'pattern_impact_factor': 0.1035}",207.01,0.0,,1.0.0,2026-08-31T04:19:02.786140+00:00
10130,1324,0.9767,HIGH_RISK,"['Revenue discrepancy of 100.0% below expected (reported ₹0.00 vs expected ₹1720.83).', 'Passenger volume of 100.0% below expected (reported 0 vs expected 143).', 'Statistical anomaly detector flagged unusual revenue-to-passenger density profile (anomaly score: 1.00).', 'Graph localization identified consistent discrepancy along segment subpath 22645_PF3 -> 21173 (Seq 1-37) (confidence: 0.99).', 'Zero revenue reported for scheduled active trip.']","{'anomaly_score_factor': 0.9966, 'revenue_gap_factor': 1.0, 'passenger_gap_factor': 1.0, 'localization_factor': 0.99, 'pattern_impact_factor': 0.8604}",1720.83,0.99,22645_PF3 -> 21173 (Seq 1-37),1.0.0,2026-08-31T04:19:02.786169+00:00
10131,1324,0.2855,NORMAL,['Statistical anomaly detector flagged unusual revenue-to-passenger density profile (anomaly score: 0.98).'],"{'anomaly_score_factor': 0.9823, 'revenue_gap_factor': 0.0388, 'passenger_gap_factor': 0.1261, 'localization_factor': 0.0, 'pattern_impact_factor': 0.0334}",66.83,0.0,,1.0.0,2026-08-31T04:19:02.786196+00:00
10132,1324,0.2703,NORMAL,['Statistical anomaly detector flagged unusual revenue-to-passenger density profile (anomaly score: 0.98).'],"{'anomaly_score_factor': 0.9848, 'revenue_gap_factor': 0.0377, 'passenger_gap_factor': 0.0492, 'localization_factor': 0.0, 'pattern_impact_factor': 0.0324}",64.83,0.0,,1.0.0,2026-08-31T04:19:02.786222+00:00
10133,1324,0.2879,NORMAL,['Statistical anomaly detector flagged unusual revenue-to-passenger density profile (anomaly score: 0.98).'],"{'anomaly_score_factor': 0.9821, 'revenue_gap_factor': 0.0452, 'passenger_gap_factor': 0.1261, 'localization_factor': 0.0, 'pattern_impact_factor': 0.0389}",77.83,0.0,,1.0.0,2026-08-31T04:19:02.786247+00:00
10134,1324,0.5136,MONITOR,"['Revenue discrepancy of 28.9% below expected (reported ₹1223.00 vs expected ₹1720.83).', 'Passenger volume of 33.6% below expected (reported 95 vs expected 143).', 'Statistical anomaly detector flagged unusual revenue-to-passenger density profile (anomaly score: 0.99).', 'Graph localization identified consistent discrepancy along segment subpath 22645_PF3 -> 21740 (Seq 1-8) (confidence: 0.60).']","{'anomaly_score_factor': 0.9862, 'revenue_gap_factor': 0.2893, 'passenger_gap_factor': 0.3359, 'localization_factor': 0.6016, 'pattern_impact_factor': 0.2489}",497.83,0.6016,22645_PF3 -> 21740 (Seq 1-8),1.0.0,2026-08-31T04:19:02.786274+00:00
10135,1324,0.5057,MONITOR,"['Revenue discrepancy of 41.4% below expected (reported ₹1008.05 vs expected ₹1720.83).', 'Passenger volume of 18.9% below expected (reported 116 vs expected 143).', 'Statistical anomaly detector flagged unusual revenue-to-passenger density profile (anomaly score: 0.99).']","{'anomaly_score_factor': 0.9911, 'revenue_gap_factor': 0.4142, 'passenger_gap_factor': 0.1891, 'localization_factor': 0.4208, 'pattern_impact_factor': 0.3564}",712.78,0.4208,22597 -> 21173 (Seq 28-37),1.0.0,2026-08-31T04:19:02.786300+00:00
10136,1324,0.3475,MONITOR,"['Revenue discrepancy of 17.4% below expected (reported ₹1421.00 vs expected ₹1720.83).', 'Passenger volume of 18.9% below expected (reported 116 vs expected 143).', 'Statistical anomaly detector flagged unusual revenue-to-passenger density profile (anomaly score: 0.97).']","{'anomaly_score_factor': 0.9746, 'revenue_gap_factor': 0.1742, 'passenger_gap_factor': 0.1891, 'localization_factor': 0.0, 'pattern_impact_factor': 0.1499}",299.83,0.0,,1.0.0,2026-08-31T04:19:02.786326+00:00
10137,1324,0.3373,MONITOR,"['Revenue discrepancy of 17.2% below expected (reported ₹1424.00 vs expected ₹1720.83).', 'Statistical anomaly detector flagged unusual revenue-to-passenger density profile (anomaly score: 0.98).']","{'anomaly_score_factor': 0.9811, 'revenue_gap_factor': 0.1725, 'passenger_gap_factor': 0.1331, 'localization_factor': 0.0, 'pattern_impact_factor': 0.1484}",296.83,0.0,,1.0.0,2026-08-31T04:19:02.786354+00:00
10138,1324,0.3399,MONITOR,"['Revenue discrepancy of 16.7% below expected (reported ₹1433.00 vs expected ₹1720.83).', 'Passenger volume of 16.1% below expected (reported 120 vs expected 143).', 'Statistical anomaly detector flagged unusual revenue-to-passenger density profile (anomaly score: 0.98).']","{'anomaly_score_factor': 0.9772, 'revenue_gap_factor': 0.1673, 'passenger_gap_factor': 0.1611, 'localization_factor': 0.0, 'pattern_impact_factor': 0.1439}",287.83,0.0,,1.0.0,2026-08-31T04:19:02.786384+00:00
10139,1324,0.5378,MONITOR,"['Revenue discrepancy of 38.1% below expected (reported ₹1066.00 vs expected ₹1720.83).', 'Passenger volume of 32.9% below expected (reported 96 vs expected 143).', 'Statistical anomaly detector flagged unusual revenue-to-passenger density profile (anomaly score: 0.99).', 'Graph localization identified consistent discrepancy along segment subpath 22645_PF3 -> 21846 (Seq 1-12) (confidence: 0.54).']","{'anomaly_score_factor': 0.99, 'revenue_gap_factor': 0.3805, 'passenger_gap_factor': 0.3289, 'localization_factor': 0.5351, 'pattern_impact_factor': 0.3274}",654.83,0.5351,22645_PF3 -> 21846 (Seq 1-12),1.0.0,2026-08-31T04:19:02.786410+00:00
1014,999,0.3316,MONITOR,"['Revenue discrepancy of 20.1% below expected (reported ₹518.00 vs expected ₹648.01).', 'Statistical anomaly detector flagged unusual revenue-to-passenger density profile (anomaly score: 0.97).']","{'anomaly_score_factor': 0.9698, 'revenue_gap_factor': 0.2006, 'passenger_gap_factor': 0.146, 'localization_factor': 0.0, 'pattern_impact_factor': 0.065}",130.01,0.0,,1.0.0,2026-08-31T04:19:02.786435+00:00
10140,1324,0.3431,MONITOR,"['Revenue discrepancy of 16.2% below expected (reported ₹1442.00 vs expected ₹1720.83).', 'Passenger volume of 18.9% below expected (reported 116 vs expected 143).', 'Statistical anomaly detector flagged unusual revenue-to-passenger density profile (anomaly score: 0.98).']","{'anomaly_score_factor': 0.9753, 'revenue_gap_factor': 0.162, 'passenger_gap_factor': 0.1891, 'localization_factor': 0.0, 'pattern_impact_factor': 0.1394}",278.83,0.0,,1.0.0,2026-08-31T04:19:02.786461+00:00
10141,1324,0.4722,MONITOR,"['Revenue discrepancy of 24.5% below expected (reported ₹1299.00 vs expected ₹1720.83).', 'Passenger volume of 22.4% below expected (reported 111 vs expected 143).', 'Statistical anomaly detector flagged unusual revenue-to-passenger density profile (anomaly score: 0.98).', 'Graph localization identified consistent discrepancy along segment subpath 22645_PF3 -> 21740 (Seq 1-8) (confidence: 0.60).']","{'anomaly_score_factor': 0.979, 'revenue_gap_factor': 0.2451, 'passenger_gap_factor': 0.224, 'localization_factor': 0.598, 'pattern_impact_factor': 0.2109}",421.83,0.598,22645_PF3 -> 21740 (Seq 1-8),1.0.0,2026-08-31T04:19:02.786487+00:00
10142,1324,0.5532,MONITOR,"['Revenue discrepancy of 39.5% below expected (reported ₹1041.00 vs expected ₹1720.83).', 'Passenger volume of 41.3% below expected (reported 84 vs expected 143).', 'Statistical anomaly detector flagged unusual revenue-to-passenger density profile (anomaly score: 0.99).']","{'anomaly_score_factor': 0.9925, 'revenue_gap_factor': 0.3951, 'passenger_gap_factor': 0.4128, 'localization_factor': 0.4849, 'pattern_impact_factor': 0.3399}",679.83,0.4849,22645_PF3 -> 21173 (Seq 1-37),1.0.0,2026-08-31T04:19:02.786514+00:00
10143,1324,0.5103,MONITOR,"['Revenue discrepancy of 29.0% below expected (reported ₹1222.00 vs expected ₹1720.83).', 'Passenger volume of 31.5% below expected (reported 98 vs expected 143).', 'Statistical anomaly detector flagged unusual revenue-to-passenger density profile (anomaly score: 0.98).', 'Graph localization identified consistent discrepancy along segment subpath 22645_PF3 -> 21846 (Seq 1-12) (confidence: 0.61).']","{'anomaly_score_factor': 0.9837, 'revenue_gap_factor': 0.2899, 'passenger_gap_factor': 0.3149, 'localization_factor': 0.6101, 'pattern_impact_factor': 0.2494}",498.83,0.6101,22645_PF3 -> 21846 (Seq 1-12),1.0.0,2026-08-31T04:19:02.786540+00:00
10144,1324,0.6881,SUSPICIOUS,"['Revenue discrepancy of 62.1% below expected (reported ₹286.00 vs expected ₹754.91).', 'Passenger volume of 64.9% below expected (reported 22 vs expected 63).', 'Statistical anomaly detector flagged unusual revenue-to-passenger density profile (anomaly score: 0.98).', 'Graph localization identified consistent discrepancy along segment subpath 22645_PF3 -> 21173 (Seq 1-37) (confidence: 0.82).']","{'anomaly_score_factor': 0.9806, 'revenue_gap_factor': 0.6211, 'passenger_gap_factor': 0.6494, 'localization_factor': 0.8173, 'pattern_impact_factor': 0.2345}",468.91,0.8173,22645_PF3 -> 21173 (Seq 1-37),1.0.0,2026-08-31T04:19:02.786566+00:00
10145,1324,0.7942,SUSPICIOUS,"['Revenue discrepancy of 78.5% below expected (reported ₹162.00 vs expected ₹754.91).', 'Passenger volume of 79.3% below expected (reported 13 vs expected 63).', 'Statistical anomaly detector flagged unusual revenue-to-passenger density profile (anomaly score: 0.99).', 'Graph localization identified consistent discrepancy along segment subpath 22645_PF3 -> 21173 (Seq 1-37) (confidence: 0.99).']","{'anomaly_score_factor': 0.9852, 'revenue_gap_factor': 0.7854, 'passenger_gap_factor': 0.7928, 'localization_factor': 0.99, 'pattern_impact_factor': 0.2965}",592.91,0.99,22645_PF3 -> 21173 (Seq 1-37),1.0.0,2026-08-31T04:19:02.786593+00:00
10146,1324,0.7991,SUSPICIOUS,"['Revenue discrepancy of 77.7% below expected (reported ₹168.00 vs expected ₹754.91).', 'Passenger volume of 82.5% below expected (reported 11 vs expected 63).', 'Statistical anomaly detector flagged unusual revenue-to-passenger density profile (anomaly score: 0.99).', 'Graph localization identified consistent discrepancy along segment subpath 22645_PF3 -> 21173 (Seq 1-37) (confidence: 0.99).']","{'anomaly_score_factor': 0.9892, 'revenue_gap_factor': 0.7775, 'passenger_gap_factor': 0.8247, 'localization_factor': 0.99, 'pattern_impact_factor': 0.2935}",586.91,0.99,22645_PF3 -> 21173 (Seq 1-37),1.0.0,2026-08-31T04:19:02.786619+00:00
10147,1324,0.2853,NORMAL,['Statistical anomaly detector flagged unusual revenue-to-passenger density profile (anomaly score: 0.96).'],"{'anomaly_score_factor': 0.9581, 'revenue_gap_factor': 0.0582, 'passenger_gap_factor': 0.1395, 'localization_factor': 0.0, 'pattern_impact_factor': 0.022}",43.91,0.0,,1.0.0,2026-08-31T04:19:02.786644+00:00
10148,1324,0.245,NORMAL,['Statistical anomaly detector flagged unusual revenue-to-passenger density profile (anomaly score: 0.98).'],"{'anomaly_score_factor': 0.9799, 'revenue_gap_factor': 0.0, 'passenger_gap_factor': 0.0, 'localization_factor': 0.0, 'pattern_impact_factor': 0.0}",0.0,0.0,,1.0.0,2026-08-31T04:19:02.786668+00:00
10149,1324,0.2406,NORMAL,['Statistical anomaly detector flagged unusual revenue-to-passenger density profile (anomaly score: 0.96).'],"{'anomaly_score_factor': 0.9624, 'revenue_gap_factor': 0.0, 'passenger_gap_factor': 0.0, 'localization_factor': 0.0, 'pattern_impact_factor': 0.0}",0.0,0.0,,1.0.0,2026-08-31T04:19:02.786692+00:00
1015,999,0.3365,MONITOR,"['Statistical anomaly detector flagged unusual revenue-to-passenger density profile (anomaly score: 0.99).', 'Graph localization identified consistent discrepancy along segment subpath 21172_PF10 -> 21603 (Seq 1-10) (confidence: 0.60).']","{'anomaly_score_factor': 0.9871, 'revenue_gap_factor': 0.0, 'passenger_gap_factor': 0.0, 'localization_factor': 0.598, 'pattern_impact_factor': 0.0}",0.0,0.598,21172_PF10 -> 21603 (Seq 1-10),1.0.0,2026-08-31T04:19:02.786719+00:00
10150,1324,0.2728,NORMAL,['Statistical anomaly detector flagged unusual revenue-to-passenger density profile (anomaly score: 0.96).'],"{'anomaly_score_factor': 0.9565, 'revenue_gap_factor': 0.0396, 'passenger_gap_factor': 0.1076, 'localization_factor': 0.0, 'pattern_impact_factor': 0.015}",29.91,0.0,,1.0.0,2026-08-31T04:19:02.786743+00:00
10151,1324,0.3022,MONITOR,"['Revenue discrepancy of 19.4% below expected (reported ₹608.30 vs expected ₹754.91).', 'Statistical anomaly detector flagged unusual revenue-to-passenger density profile (anomaly score: 0.97).']","{'anomaly_score_factor': 0.9705, 'revenue_gap_factor': 0.1942, 'passenger_gap_factor': 0.0, 'localization_factor': 0.0, 'pattern_impact_factor': 0.0733}",146.61,0.0,,1.0.0,2026-08-31T04:19:02.786888+00:00
10152,1324,0.3173,MONITOR,"['Passenger volume of 17.1% below expected (reported 52 vs expected 63).', 'Statistical anomaly detector flagged unusual revenue-to-passenger density profile (anomaly score: 0.95).']","{'anomaly_score_factor': 0.9521, 'revenue_gap_factor': 0.1469, 'passenger_gap_factor': 0.1713, 'localization_factor': 0.0, 'pattern_impact_factor': 0.0555}",110.91,0.0,,1.0.0,2026-08-31T04:19:02.786941+00:00
10153,1324,0.4207,MONITOR,"['Revenue discrepancy of 34.3% below expected (reported ₹496.00 vs expected ₹754.91).', 'Passenger volume of 36.3% below expected (reported 40 vs expected 63).', 'Statistical anomaly detector flagged unusual revenue-to-passenger density profile (anomaly score: 0.97).']","{'anomaly_score_factor': 0.9722, 'revenue_gap_factor': 0.343, 'passenger_gap_factor': 0.3626, 'localization_factor': 0.0, 'pattern_impact_factor': 0.1295}",258.91,0.0,,1.0.0,2026-08-31T04:19:02.786974+00:00
10154,1324,0.2425,NORMAL,['Statistical anomaly detector flagged unusual revenue-to-passenger density profile (anomaly score: 0.97).'],"{'anomaly_score_factor': 0.97, 'revenue_gap_factor': 0.0, 'passenger_gap_factor': 0.0, 'localization_factor': 0.0, 'pattern_impact_factor': 0.0}",0.0,0.0,,1.0.0,2026-08-31T04:19:02.787001+00:00
10155,1324,0.2774,NORMAL,"['Passenger volume of 17.1% below expected (reported 52 vs expected 63).', 'Statistical anomaly detector flagged unusual revenue-to-passenger density profile (anomaly score: 0.97).']","{'anomaly_score_factor': 0.971, 'revenue_gap_factor': 0.0012, 'passenger_gap_factor': 0.1713, 'localization_factor': 0.0, 'pattern_impact_factor': 0.0005}",0.91,0.0,,1.0.0,2026-08-31T04:19:02.787028+00:00
10156,1324,0.3414,MONITOR,"['Revenue discrepancy of 19.1% below expected (reported ₹611.00 vs expected ₹754.91).', 'Passenger volume of 21.9% below expected (reported 49 vs expected 63).', 'Statistical anomaly detector flagged unusual revenue-to-passenger density profile (anomaly score: 0.96).']","{'anomaly_score_factor': 0.9564, 'revenue_gap_factor': 0.1906, 'passenger_gap_factor': 0.2192, 'localization_factor': 0.0, 'pattern_impact_factor': 0.072}",143.91,0.0,,1.0.0,2026-08-31T04:19:02.787054+00:00
10157,1324,0.2401,NORMAL,['Statistical anomaly detector flagged unusual revenue-to-passenger density profile (anomaly score: 0.96).'],"{'anomaly_score_factor': 0.9605, 'revenue_gap_factor': 0.0, 'passenger_gap_factor': 0.0, 'localization_factor': 0.0, 'pattern_impact_factor': 0.0}",0.0,0.0,,1.0.0,2026-08-31T04:19:02.787080+00:00
10158,1324,0.3951,MONITOR,"['Revenue discrepancy of 29.4% below expected (reported ₹533.00 vs expected ₹754.91).', 'Passenger volume of 31.5% below expected (reported 43 vs expected 63).', 'Statistical anomaly detector flagged unusual revenue-to-passenger density profile (anomaly score: 0.97).']","{'anomaly_score_factor': 0.9682, 'revenue_gap_factor': 0.294, 'passenger_gap_factor': 0.3148, 'localization_factor': 0.0, 'pattern_impact_factor': 0.111}",221.91,0.0,,1.0.0,2026-08-31T04:19:02.787107+00:00
10159,1324,0.2798,NORMAL,"['Passenger volume of 17.1% below expected (reported 52 vs expected 63).', 'Statistical anomaly detector flagged unusual revenue-to-passenger density profile (anomaly score: 0.97).']","{'anomaly_score_factor': 0.9693, 'revenue_gap_factor': 0.0105, 'passenger_gap_factor': 0.1713, 'localization_factor': 0.0, 'pattern_impact_factor': 0.004}",7.91,0.0,,1.0.0,2026-08-31T04:19:02.787132+00:00
1016,999,0.2537,NORMAL,['Statistical anomaly detector flagged unusual revenue-to-passenger density profile (anomaly score: 0.97).'],"{'anomaly_score_factor': 0.9725, 'revenue_gap_factor': 0.0355, 'passenger_gap_factor': 0.0, 'localization_factor': 0.0, 'pattern_impact_factor': 0.0115}",23.01,0.0,,1.0.0,2026-08-31T04:19:02.787158+00:00
10160,1324,0.2831,NORMAL,['Statistical anomaly detector flagged unusual revenue-to-passenger density profile (anomaly score: 0.95).'],"{'anomaly_score_factor': 0.9546, 'revenue_gap_factor': 0.1165, 'passenger_gap_factor': 0.0439, 'localization_factor': 0.0, 'pattern_impact_factor': 0.044}",87.91,0.0,,1.0.0,2026-08-31T04:19:02.787182+00:00
10161,1324,0.2841,NORMAL,['Statistical anomaly detector flagged unusual revenue-to-passenger density profile (anomaly score: 0.96).'],"{'anomaly_score_factor': 0.9552, 'revenue_gap_factor': 0.1191, 'passenger_gap_factor': 0.0439, 'localization_factor': 0.0, 'pattern_impact_factor': 0.045}",89.91,0.0,,1.0.0,2026-08-31T04:19:02.787208+00:00
10162,1324,0.243,NORMAL,['Statistical anomaly detector flagged unusual revenue-to-passenger density profile (anomaly score: 0.97).'],"{'anomaly_score_factor': 0.972, 'revenue_gap_factor': 0.0, 'passenger_gap_factor': 0.0, 'localization_factor': 0.0, 'pattern_impact_factor': 0.0}",0.0,0.0,,1.0.0,2026-08-31T04:19:02.787232+00:00
10163,1324,0.3404,MONITOR,"['Revenue discrepancy of 23.0% below expected (reported ₹581.00 vs expected ₹754.91).', 'Passenger volume of 15.5% below expected (reported 53 vs expected 63).', 'Statistical anomaly detector flagged unusual revenue-to-passenger density profile (anomaly score: 0.95).']","{'anomaly_score_factor': 0.9548, 'revenue_gap_factor': 0.2304, 'passenger_gap_factor': 0.1554, 'localization_factor': 0.0, 'pattern_impact_factor': 0.087}",173.91,0.0,,1.0.0,2026-08-31T04:19:02.787258+00:00
10164,1324,0.3042,MONITOR,"['Passenger volume of 15.5% below expected (reported 53 vs expected 63).', 'Statistical anomaly detector flagged unusual revenue-to-passenger density profile (anomaly score: 0.95).']","{'anomaly_score_factor': 0.9511, 'revenue_gap_factor': 0.1151, 'passenger_gap_factor': 0.1554, 'localization_factor': 0.0, 'pattern_impact_factor': 0.0435}",86.91,0.0,,1.0.0,2026-08-31T04:19:02.787283+00:00
10165,1324,0.3337,MONITOR,"['Revenue discrepancy of 20.0% below expected (reported ₹604.00 vs expected ₹754.91).', 'Passenger volume of 17.1% below expected (reported 52 vs expected 63).', 'Statistical anomaly detector flagged unusual revenue-to-passenger density profile (anomaly score: 0.95).']","{'anomaly_score_factor': 0.9524, 'revenue_gap_factor': 0.1999, 'passenger_gap_factor': 0.1713, 'localization_factor': 0.0, 'pattern_impact_factor': 0.0755}",150.91,0.0,,1.0.0,2026-08-31T04:19:02.787309+00:00
10166,1324,0.3625,MONITOR,"['Revenue discrepancy of 22.4% below expected (reported ₹586.00 vs expected ₹754.91).', 'Passenger volume of 26.7% below expected (reported 46 vs expected 63).', 'Statistical anomaly detector flagged unusual revenue-to-passenger density profile (anomaly score: 0.96).']","{'anomaly_score_factor': 0.9621, 'revenue_gap_factor': 0.2238, 'passenger_gap_factor': 0.267, 'localization_factor': 0.0, 'pattern_impact_factor': 0.0845}",168.91,0.0,,1.0.0,2026-08-31T04:19:02.787337+00:00
10167,1324,0.3977,MONITOR,"['Revenue discrepancy of 30.2% below expected (reported ₹527.00 vs expected ₹754.91).', 'Passenger volume of 31.5% below expected (reported 43 vs expected 63).', 'Statistical anomaly detector flagged unusual revenue-to-passenger density profile (anomaly score: 0.97).']","{'anomaly_score_factor': 0.9687, 'revenue_gap_factor': 0.3019, 'passenger_gap_factor': 0.3148, 'localization_factor': 0.0, 'pattern_impact_factor': 0.114}",227.91,0.0,,1.0.0,2026-08-31T04:19:02.787362+00:00
10168,1324,0.5569,MONITOR,"['Revenue discrepancy of 65.6% below expected (reported ₹260.00 vs expected ₹754.91).', 'Statistical anomaly detector flagged unusual revenue-to-passenger density profile (anomaly score: 0.99).', 'Graph localization identified consistent discrepancy along segment subpath 22645_PF3 -> 21173 (Seq 1-37) (confidence: 0.66).']","{'anomaly_score_factor': 0.9897, 'revenue_gap_factor': 0.6556, 'passenger_gap_factor': 0.0439, 'localization_factor': 0.6647, 'pattern_impact_factor': 0.2475}",494.91,0.6647,22645_PF3 -> 21173 (Seq 1-37),1.0.0,2026-08-31T04:19:02.787388+00:00
10169,1324,0.4045,MONITOR,"['Revenue discrepancy of 34.2% below expected (reported ₹497.00 vs expected ₹754.91).', 'Passenger volume of 28.3% below expected (reported 45 vs expected 63).', 'Statistical anomaly detector flagged unusual revenue-to-passenger density profile (anomaly score: 0.97).']","{'anomaly_score_factor': 0.9728, 'revenue_gap_factor': 0.3416, 'passenger_gap_factor': 0.2829, 'localization_factor': 0.0, 'pattern_impact_factor': 0.129}",257.91,0.0,,1.0.0,2026-08-31T04:19:02.787415+00:00
1017,999,0.2647,NORMAL,['Statistical anomaly detector flagged unusual revenue-to-passenger density profile (anomaly score: 0.98).'],"{'anomaly_score_factor': 0.9831, 'revenue_gap_factor': 0.0633, 'passenger_gap_factor': 0.0, 'localization_factor': 0.0, 'pattern_impact_factor': 0.0205}",41.01,0.0,,1.0.0,2026-08-31T04:19:02.787439+00:00
10170,1324,0.2995,NORMAL,"['Passenger volume of 17.1% below expected (reported 52 vs expected 63).', 'Statistical anomaly detector flagged unusual revenue-to-passenger density profile (anomaly score: 0.96).']","{'anomaly_score_factor': 0.957, 'revenue_gap_factor': 0.0847, 'passenger_gap_factor': 0.1713, 'localization_factor': 0.0, 'pattern_impact_factor': 0.032}",63.91,0.0,,1.0.0,2026-08-31T04:19:02.787464+00:00
10171,1324,0.2394,NORMAL,['Statistical anomaly detector flagged unusual revenue-to-passenger density profile (anomaly score: 0.96).'],"{'anomaly_score_factor': 0.9574, 'revenue_gap_factor': 0.0, 'passenger_gap_factor': 0.0, 'localization_factor': 0.0, 'pattern_impact_factor': 0.0}",0.0,0.0,,1.0.0,2026-08-31T04:19:02.787489+00:00
10172,1324,0.2441,NORMAL,['Statistical anomaly detector flagged unusual revenue-to-passenger density profile (anomaly score: 0.98).'],"{'anomaly_score_factor': 0.9764, 'revenue_gap_factor': 0.0, 'passenger_gap_factor': 0.0, 'localization_factor': 0.0, 'pattern_impact_factor': 0.0}",0.0,0.0,,1.0.0,2026-08-31T04:19:02.787513+00:00
10173,1324,0.2684,NORMAL,['Statistical anomaly detector flagged unusual revenue-to-passenger density profile (anomaly score: 0.95).'],"{'anomaly_score_factor': 0.9526, 'revenue_gap_factor': 0.0701, 'passenger_gap_factor': 0.0439, 'localization_factor': 0.0, 'pattern_impact_factor': 0.0265}",52.91,0.0,,1.0.0,2026-08-31T04:19:02.787537+00:00
10174,1324,0.5477,MONITOR,"['Revenue discrepancy of 65.6% below expected (reported ₹260.00 vs expected ₹754.91).', 'Statistical anomaly detector flagged unusual revenue-to-passenger density profile (anomaly score: 0.99).', 'Graph localization identified consistent discrepancy along segment subpath 22645_PF3 -> 21173 (Seq 1-37) (confidence: 0.65).']","{'anomaly_score_factor': 0.9901, 'revenue_gap_factor': 0.6556, 'passenger_gap_factor': 0.012, 'localization_factor': 0.6451, 'pattern_impact_factor': 0.2475}",494.91,0.6451,22645_PF3 -> 21173 (Seq 1-37),1.0.0,2026-08-31T04:19:02.787562+00:00
10175,1324,0.5674,MONITOR,"['Revenue discrepancy of 66.2% below expected (reported ₹255.00 vs expected ₹754.91).', 'Statistical anomaly detector flagged unusual revenue-to-passenger density profile (anomaly score: 0.99).', 'Graph localization identified consistent discrepancy along segment subpath 22645_PF3 -> 21173 (Seq 1-37) (confidence: 0.70).']","{'anomaly_score_factor': 0.9897, 'revenue_gap_factor': 0.6622, 'passenger_gap_factor': 0.0598, 'localization_factor': 0.7001, 'pattern_impact_factor': 0.25}",499.91,0.7001,22645_PF3 -> 21173 (Seq 1-37),1.0.0,2026-08-31T04:19:02.787587+00:00
10176,1324,0.3104,MONITOR,"['Passenger volume of 18.7% below expected (reported 51 vs expected 63).', 'Statistical anomaly detector flagged unusual revenue-to-passenger density profile (anomaly score: 0.96).']","{'anomaly_score_factor': 0.9572, 'revenue_gap_factor': 0.1098, 'passenger_gap_factor': 0.1873, 'localization_factor': 0.0, 'pattern_impact_factor': 0.0415}",82.91,0.0,,1.0.0,2026-08-31T04:19:02.787611+00:00
10177,1324,0.3297,MONITOR,"['Revenue discrepancy of 19.7% below expected (reported ₹606.00 vs expected ₹754.91).', 'Passenger volume of 15.5% below expected (reported 53 vs expected 63).', 'Statistical anomaly detector flagged unusual revenue-to-passenger density profile (anomaly score: 0.95).']","{'anomaly_score_factor': 0.9526, 'revenue_gap_factor': 0.1973, 'passenger_gap_factor': 0.1554, 'localization_factor': 0.0, 'pattern_impact_factor': 0.0745}",148.91,0.0,,1.0.0,2026-08-31T04:19:02.787637+00:00
